Frame_Index,leg_left_ankle_roll_joint,leg_left_ankle_pitch_joint,leg_left_knee_pitch_joint,leg_left_hip_pitch_joint,leg_left_hip_yaw_joint,leg_left_hip_roll_joint,leg_right_ankle_roll_joint,leg_right_ankle_pitch_joint,leg_right_knee_pitch_joint,leg_right_hip_pitch_joint,leg_right_hip_yaw_joint,leg_right_hip_roll_joint
0,0.00318692307692308,-0.520277692307692,0.996659230769231,-0.376912307692308,-0.00246769230769231,-0.00201846153846154,0.00318692307692308,-0.521245384615385,0.998643076923077,-0.377923076923077,-0.00247,-0.00202461538461538
1,0.00265142857142857,-0.520359285714286,0.996825714285714,-0.376997142857143,-0.00205285714285714,-0.00167928571428571,0.00265142857142857,-0.521164285714286,0.998477142857143,-0.377837857142857,-0.00205571428571429,-0.00168571428571429
2,0.002076,-0.520445333333333,0.997001333333333,-0.377087333333333,-0.00160733333333333,-0.00131466666666667,0.002076,-0.521075333333333,0.998296,-0.377745333333333,-0.00161066666666667,-0.00132133333333333
3,0.00145875,-0.52053625,0.997186875,-0.3771825,-0.00113,-0.00092375,0.00145875,-0.52097875,0.998098125,-0.377645,-0.001133125,-0.000930625
4,0.00079764705882353,-0.520631764705882,0.997381764705882,-0.377282941176471,-0.000618235294117647,-0.000504705882352941,0.00079764705882353,-0.520873529411765,0.997882941176471,-0.377535882352941,-0.000621764705882353,-0.000511764705882353
5,9.00000000000008e-05,-0.520732222222222,0.997586111111111,-0.377388333333333,-7.05555555555559e-05,-5.66666666666667e-05,9.05555555555563e-05,-0.520758888888889,0.997648333333333,-0.377417222222222,-7.44444444444444e-05,-6.3888888888889e-05
6,-0.000667368421052631,-0.520837368421053,0.997799473684211,-0.377498947368421,0.000515263157894737,0.000422631578947368,-0.00066578947368421,-0.520633684210526,0.997392105263158,-0.377288421052632,0.000511052631578947,0.000415263157894737
7,-0.001477,-0.520947,0.998022,-0.377615,0.001142,0.0009355,-0.001475,-0.520497,0.997112,-0.377148,0.001137,0.0009275
8,-0.00234285714285714,-0.521060952380952,0.998253333333333,-0.37773619047619,0.00181190476190476,0.00148380952380952,-0.00234,-0.520347619047619,0.996805714285714,-0.376994761904762,0.00180619047619048,0.00147523809523809
9,-0.00326909090909091,-0.521179090909091,0.998492727272728,-0.377862272727273,0.00252863636363636,0.00207045454545455,-0.003265,-0.520184090909091,0.99647,-0.376827727272727,0.00252181818181818,0.00206090909090909
10,-0.0042595652173913,-0.521301304347826,0.998739565217391,-0.377993478260869,0.00329521739130435,0.00269782608695652,-0.00425391304347826,-0.520004782608696,0.996101739130435,-0.376644782608696,0.00328695652173913,0.00268739130434783
11,-0.0053275,-0.5214275,0.998994583333333,-0.37813,0.00412166666666667,0.00337416666666667,-0.00531958333333333,-0.51980625,0.995693333333333,-0.376442916666667,0.00411166666666667,0.0033625
12,-0.00647,-0.5215568,0.9992548,-0.3782708,0.0050056,0.004098,-0.0064596,-0.5195876,0.9952432,-0.3762212,0.004994,0.0040848
13,-0.0082688,-0.5217668,0.9996788,-0.3784984,0.0063972,0.0052376,-0.0082548,-0.5192504,0.9945492,-0.3758784,0.0063832,0.005222
14,-0.0102524,-0.521988,1.0001232,-0.3787396,0.0079324,0.0064944,-0.010234,-0.5188672,0.99376,-0.37549,0.0079148,0.0064756
15,-0.012434,-0.522218,1.0005844,-0.3789932,0.0096204,0.0078768,-0.01241,-0.5184316,0.9928632,-0.3750504,0.0095984,0.0078544
16,-0.0148288,-0.522454,1.001056,-0.3792568,0.0114732,0.0093944,-0.0147976,-0.5179368,0.9918424,-0.3745524,0.011446,0.0093676
17,-0.017454,-0.5226932,1.0015312,-0.379528,0.013504,0.011058,-0.0174136,-0.5173736,0.99068,-0.373988,0.01347,0.0110256
18,-0.0203272,-0.5229312,1.0020012,-0.379804,0.0157264,0.0128796,-0.0202756,-0.5167324,0.9893548,-0.3733472,0.0156844,0.01284
19,-0.023454,-0.5231636,1.002456,-0.3800796,0.0181452,0.014862,-0.0233892,-0.5160064,0.9878516,-0.3726236,0.0180928,0.014814
20,-0.0268152,-0.52341,1.0029372,-0.3803788,0.0207452,0.0169936,-0.0267336,-0.5151984,0.9861792,-0.3718232,0.02068,0.0169352
21,-0.0303924,-0.5241852,1.0045384,-0.3812792,0.0235124,0.0192628,-0.0302736,-0.5143608,0.9844876,-0.371042,0.0234184,0.0191808
22,-0.0341732,-0.5260056,1.008358,-0.3833636,0.0264364,0.0216616,-0.033974,-0.5135544,0.98294,-0.3703828,0.0262804,0.0215284
23,-0.03814,-0.529138,1.0149644,-0.386934,0.029504,0.0241788,-0.0377992,-0.5128224,0.9816464,-0.3699116,0.0292388,0.0239556
24,-0.0422664,-0.5336356,1.0244732,-0.3920528,0.0326948,0.0267984,-0.041712,-0.512192,0.9806656,-0.369658,0.0322644,0.0264388
25,-0.0465224,-0.5393788,1.0366344,-0.3985876,0.0359856,0.0295004,-0.0456796,-0.51167,0.9800024,-0.3696188,0.0353324,0.0289568
26,-0.0508624,-0.5461044,1.05089,-0.4062424,0.0393408,0.0322564,-0.0496664,-0.5112448,0.979612,-0.3697596,0.0384152,0.031488
27,-0.0552272,-0.5534188,1.0664028,-0.4145704,0.0427152,0.0350288,-0.053636,-0.5108856,0.9794,-0.3700156,0.0414848,0.034008
28,-0.0595464,-0.5608388,1.0821412,-0.42302,0.0460544,0.0377724,-0.0575504,-0.510546,0.9792372,-0.3703012,0.0445116,0.0364936
29,-0.063774,-0.5682492,1.0978604,-0.4314584,0.0493224,0.0404576,-0.0613744,-0.5102244,0.9791112,-0.3706048,0.0474684,0.0389216
30,-0.0678712,-0.5756512,1.1135628,-0.439886,0.05249,0.0430604,-0.0650728,-0.5099336,0.9790484,-0.3709388,0.0503276,0.0412696
31,-0.0717988,-0.583046,1.1292516,-0.448302,0.0555264,0.0455556,-0.0686084,-0.509686,0.9790756,-0.3713148,0.0530612,0.0435144
32,-0.075516,-0.5904344,1.1449284,-0.456706,0.0584,0.0479168,-0.0719436,-0.5094948,0.9792196,-0.3717456,0.05564,0.045632
33,-0.07898,-0.5978172,1.1605956,-0.4650976,0.0610784,0.0501172,-0.0750388,-0.5093728,0.9795072,-0.372244,0.0580336,0.0475972
34,-0.082146,-0.6051944,1.176254,-0.4734756,0.063526,0.0521276,-0.0778524,-0.5093332,0.979966,-0.372822,0.0602092,0.0493836
35,-0.0849596,-0.6124532,1.1916624,-0.4817096,0.0657012,0.0539144,-0.0803396,-0.5093752,0.9805864,-0.3734704,0.0621328,0.0509624
36,-0.0873212,-0.6190676,1.2057,-0.489202,0.0675272,0.0554136,-0.0824308,-0.509456,0.981242,-0.3741024,0.06375,0.0522896
37,-0.0891668,-0.6246072,1.2174516,-0.4954656,0.0689544,0.0565848,-0.0840764,-0.5095424,0.981832,-0.3746496,0.0650228,0.053334
38,-0.0904372,-0.6287916,1.2263236,-0.5001872,0.0699368,0.0573908,-0.0852184,-0.5096248,0.9823148,-0.3750792,0.065906,0.0540588
39,-0.0910816,-0.6315072,1.2320792,-0.5032432,0.0704348,0.0577996,-0.0857948,-0.509716,0.982706,-0.3753936,0.0663516,0.0544248
40,-0.0910512,-0.6328456,1.2349152,-0.5047404,0.0704112,0.05778,-0.0857396,-0.5098488,0.9830788,-0.3756328,0.0663088,0.05439
41,-0.0902992,-0.6331524,1.2355692,-0.5050712,0.0698296,0.0573032,-0.0849872,-0.510072,0.9835616,-0.3758764,0.0657268,0.0539128
42,-0.0887856,-0.6330644,1.2353928,-0.5049524,0.0686588,0.0563436,-0.0834816,-0.510448,0.9843328,-0.3762412,0.064562,0.052958
43,-0.08647,-0.632912,1.2350884,-0.5047572,0.066868,0.0548756,-0.0811772,-0.5110056,0.9854776,-0.3767856,0.0627792,0.0514968
44,-0.0833328,-0.6326824,1.2346288,-0.5044732,0.0644412,0.0528864,-0.0780532,-0.511738,0.986982,-0.3775044,0.0603628,0.0495164
45,-0.079392,-0.63234,1.2339368,-0.5040624,0.0613928,0.0503876,-0.0741284,-0.5126268,0.988804,-0.3783768,0.0573264,0.0470276
46,-0.0746768,-0.6313564,1.2318904,-0.502934,0.0577452,0.0473976,-0.069448,-0.5136028,0.9907584,-0.3792916,0.0537056,0.0440596
47,-0.0692236,-0.629206,1.2273704,-0.5004968,0.0535272,0.0439392,-0.0640708,-0.5145904,0.9926492,-0.3801308,0.049546,0.0406492
48,-0.0630848,-0.6256184,1.2197992,-0.496446,0.0487792,0.0400452,-0.0580664,-0.5155324,0.9943364,-0.3808148,0.0449016,0.0368408
49,-0.0563292,-0.6205576,1.209112,-0.4907528,0.0435544,0.0357592,-0.0515096,-0.516578,0.9961376,-0.3815148,0.0398304,0.0326816
50,-0.0490344,-0.6142092,1.1957484,-0.4836728,0.0379128,0.0311304,-0.0444596,-0.5183828,0.999462,-0.3829864,0.034378,0.0282092
51,-0.0412872,-0.6068912,1.1804112,-0.4755928,0.031922,0.0262132,-0.0369712,-0.5213808,1.0052596,-0.385748,0.0285868,0.0234576
52,-0.0331852,-0.5990336,1.164024,-0.4670084,0.0256572,0.02107,-0.029102,-0.525758,1.0139632,-0.390048,0.0225008,0.0184644
53,-0.0248356,-0.5911352,1.147646,-0.4584816,0.0192012,0.0157692,-0.0209172,-0.5314976,1.0255788,-0.3959108,0.0161708,0.01327
54,-0.01632,-0.583306,1.1314912,-0.4501188,0.0126172,0.0103628,-0.01249,-0.5383628,1.0396192,-0.4030864,0.0096536,0.0079216
55,-0.0077116,-0.5755168,1.1154704,-0.4418584,0.0059612,0.0048968,-0.00390800000000001,-0.5459492,1.0552304,-0.4111232,0.0030168,0.0024752
56,0.000916800000000002,-0.5677164,1.0994384,-0.4336072,-0.000709600000000001,-0.000581999999999998,0.00472399999999999,-0.5537116,1.071252,-0.4194048,-0.0036592,-0.0030028
57,0.0094932,-0.5598912,1.0833504,-0.4253332,-0.0073404,-0.006028,0.0133204,-0.5614176,1.0871908,-0.4276684,-0.010308,-0.0084576
58,0.0179476,-0.5520544,1.0672324,-0.4170492,-0.0138768,-0.0113964,0.02181,-0.5690588,1.1030304,-0.4359048,-0.0168752,-0.0138444
59,0.0262088,-0.5442204,1.0511128,-0.4087696,-0.0202636,-0.0166416,0.0301212,-0.5766272,1.118754,-0.4441048,-0.0233044,-0.0191168
60,0.0341964,-0.5365156,1.035262,-0.4006372,-0.0264388,-0.0217132,0.0381788,-0.5841296,1.1343828,-0.4522812,-0.0295388,-0.0242276
61,0.0417936,-0.5294804,1.0208284,-0.3932612,-0.0323124,-0.026536,0.0458924,-0.5916164,1.1500592,-0.4605252,-0.0355076,-0.0291188
62,0.0489044,-0.5235596,1.0087576,-0.3871416,-0.03781,-0.0310496,0.0531768,-0.5991272,1.1658932,-0.4689068,-0.0411452,-0.0337364
63,0.0554436,-0.5190276,0.9996156,-0.3825692,-0.0428656,-0.0352,0.0599336,-0.6065076,1.1815724,-0.4772648,-0.0463752,-0.038018
64,0.061294,-0.515962,0.9935256,-0.3795848,-0.0473884,-0.0389128,0.066,-0.6132212,1.1959536,-0.4849876,-0.0510716,-0.0418604
65,0.0664268,-0.5142248,0.9901624,-0.378,-0.0513564,-0.04217,0.0713184,-0.6188352,1.2081044,-0.4915756,-0.0551904,-0.0452276
66,0.0707716,-0.5134636,0.9887516,-0.3773912,-0.0547148,-0.044928,0.0757992,-0.6230552,1.2173696,-0.4966668,-0.0586616,-0.0480624
67,0.074264,-0.513056,0.9879624,-0.3770456,-0.0574136,-0.0471452,0.079372,-0.6257468,1.2234128,-0.5000576,-0.0614308,-0.0503208
68,0.0768364,-0.5127076,0.9871724,-0.3766328,-0.0594008,-0.0487796,0.081982,-0.6270204,1.2264416,-0.5018432,-0.0634552,-0.0519692
69,0.0784316,-0.5124832,0.9865444,-0.3762484,-0.0606316,-0.0497948,0.0835912,-0.62728,1.2273108,-0.502472,-0.0647052,-0.0529832
70,0.0790156,-0.5124564,0.9862808,-0.3760188,-0.06108,-0.0501692,0.084182,-0.6272,1.2274488,-0.5026972,-0.0651668,-0.0533516
71,0.0785764,-0.5126536,0.9864552,-0.3759904,-0.0607364,-0.0498956,0.083746,-0.6270316,1.2273864,-0.502798,-0.064834,-0.0530696
72,0.0771256,-0.5130724,0.9870612,-0.37616,-0.05961,-0.0489812,0.082296,-0.6267752,1.227124,-0.5027744,-0.0637164,-0.0521452
73,0.0747004,-0.5137004,0.9880748,-0.3765168,-0.0577296,-0.0474492,0.0798684,-0.62643,1.2266604,-0.5026272,-0.0618424,-0.0506016
74,0.0713608,-0.5145036,0.9894088,-0.3770108,-0.055142,-0.0453376,0.0765196,-0.6258076,1.2255936,-0.5021452,-0.059256,-0.048474
75,0.0671808,-0.5153984,0.9908392,-0.3775036,-0.051904,-0.0426928,0.0723032,-0.6242364,1.2224908,-0.5005692,-0.0559984,-0.0457964
76,0.0622448,-0.5163144,0.9921884,-0.3778904,-0.0480816,-0.039568,0.067282,-0.62129,1.2164396,-0.4974136,-0.0521184,-0.042608
77,0.0566408,-0.5174724,0.9939224,-0.378418,-0.0437432,-0.0360192,0.0615328,-0.6168388,1.2071764,-0.4925456,-0.0476748,-0.0389576
78,0.0504428,-0.5195096,0.9974116,-0.3798228,-0.0389456,-0.0320928,0.055138,-0.61101,1.1950128,-0.4861508,-0.042732,-0.0348972
79,0.0437204,-0.5228076,1.0034992,-0.3825684,-0.0337432,-0.0278328,0.0481888,-0.6040932,1.1805852,-0.4785768,-0.0373604,-0.0304844
80,0.036544,-0.5275084,1.0125312,-0.3868604,-0.0281904,-0.0232832,0.0407884,-0.5965128,1.1648004,-0.4703076,-0.03164,-0.0257852
81,0.0289904,-0.533566,1.024462,-0.3927012,-0.0223468,-0.0184924,0.0330548,-0.5888156,1.1488136,-0.4619552,-0.0256616,-0.0208748
82,0.021144,-0.5407252,1.0387808,-0.399836,-0.0162776,-0.0135144,0.0250868,-0.5812128,1.1330568,-0.4537416,-0.0195012,-0.015816
83,0.0131,-0.548552,1.05458,-0.4077908,-0.0100568,-0.0084096,0.016966,-0.5736708,1.1174284,-0.4456004,-0.0132216,-0.0106604
84,0.0049664,-0.5564924,1.0706924,-0.4159508,-0.0037676,-0.0032464,0.0087736,-0.5661372,1.1017824,-0.437438,-0.0068868,-0.0054608
85,-0.0031576,-0.5643764,1.0867616,-0.4241288,0.0025128,0.0019116,0.000600400000000001,-0.5586064,1.0860988,-0.42924,-0.000565199999999997,-0.000273600000000001
86,-0.0112044,-0.5721888,1.1027612,-0.4323144,0.0087328,0.0070216,-0.007486,-0.5510856,1.0703924,-0.421016,0.00569,0.0048572
87,-0.0190952,-0.5799164,1.118666,-0.4404956,0.0148316,0.0120336,-0.0154064,-0.5435848,1.054688,-0.41278,0.0118176,0.0098808
88,-0.0267484,-0.5875672,1.1345076,-0.4486948,0.020746,0.0168952,-0.0230692,-0.5362852,1.039376,-0.4047432,0.0177468,0.0147392
89,-0.03404,-0.5951796,1.150404,-0.4569932,0.02638,0.0215276,-0.0303192,-0.5297296,1.0256228,-0.397532,0.0233576,0.019334
90,-0.0409292,-0.6028036,1.1664868,-0.46547,0.0317024,0.0259052,-0.0371084,-0.524338,1.0143272,-0.391624,0.0286136,0.0236352
91,-0.0473152,-0.6102088,1.1822792,-0.4738772,0.0366348,0.029964,-0.0433516,-0.5203468,1.0059804,-0.3872716,0.033448,0.027588
92,-0.0530824,-0.6168552,1.196628,-0.4816004,0.0410884,0.03363,-0.0489692,-0.5177876,1.000616,-0.3844752,0.0377996,0.0311424
93,-0.0581256,-0.6223272,1.2086344,-0.4881544,0.0449816,0.0368372,-0.0538844,-0.5165036,0.9978736,-0.3830296,0.0416088,0.0342508
94,-0.062354,-0.6263472,1.2176728,-0.4931908,0.0482444,0.039528,-0.058024,-0.5160984,0.996894,-0.38247,0.0448184,0.0368664
95,-0.065694,-0.6288032,1.2234504,-0.4965276,0.0508196,0.0416556,-0.06132,-0.5159272,0.9963036,-0.3820648,0.0473752,0.0389464
96,-0.0680856,-0.6298448,1.2262576,-0.4983052,0.0526608,0.043182,-0.0636988,-0.5157892,0.995684,-0.3815944,0.0492228,0.0404448
97,-0.0694844,-0.629914,1.2270248,-0.4990108,0.053734,0.0440796,-0.0651004,-0.5157472,0.9951964,-0.381156,0.0503148,0.0413236
98,-0.0698668,-0.6296856,1.2271736,-0.49939,0.0540204,0.0443332,-0.0654884,-0.51587,0.9950328,-0.3808716,0.050622,0.0415604
99,-0.0692228,-0.6293276,1.2270584,-0.4996292,0.0535132,0.043936,-0.0648512,-0.5161756,0.9952412,-0.3807712,0.0501368,0.0411472
100,-0.0675668,-0.6288408,1.226678,-0.4997272,0.0522228,0.0428976,-0.0632036,-0.5166596,0.9958128,-0.38085,0.0488696,0.040094
101,-0.0649404,-0.6282252,1.2260324,-0.4996844,0.050182,0.041244,-0.0605864,-0.5173116,0.9967232,-0.3810964,0.0468524,0.038426
102,-0.061404,-0.6272112,1.2245428,-0.4991944,0.0474376,0.0390132,-0.0570652,-0.5180908,0.997866,-0.381446,0.044136,0.0361848
103,-0.057018,-0.6251376,1.220794,-0.497504,0.0440364,0.0362432,-0.052718,-0.5189184,0.9990236,-0.381762,0.0407808,0.03342
104,-0.0518512,-0.6216252,1.2139684,-0.4941752,0.0400316,0.0329776,-0.0476324,-0.5197304,1.0000336,-0.3819476,0.0368544,0.030186
105,-0.0459824,-0.6165936,1.2039092,-0.4891328,0.0354844,0.0292656,-0.0418924,-0.5208552,1.0015896,-0.3823708,0.032422,0.0265372
106,-0.0394952,-0.6102036,1.1909908,-0.4825896,0.0304596,0.0251592,-0.035566,-0.52291,1.0050248,-0.3837476,0.027536,0.022516
107,-0.0324812,-0.6027724,1.1758968,-0.4749132,0.0250288,0.0207172,-0.0287204,-0.526244,1.0111108,-0.3865036,0.022248,0.0181656
108,-0.0250424,-0.5947496,1.1595764,-0.4666048,0.0192704,0.0160036,-0.0214248,-0.5309724,1.0201384,-0.3908148,0.0166112,0.0135296
109,-0.0172912,-0.5866844,1.14318,-0.4582668,0.013272,0.01109,-0.0137548,-0.5370244,1.0320084,-0.3966548,0.0106852,0.0086564
110,-0.0093312,-0.5787212,1.1269892,-0.4500384,0.0071136,0.0060424,-0.005808,-0.5441136,1.0461372,-0.4037268,0.004544,0.0036076
111,-0.001234,-0.5708256,1.1108996,-0.4418488,0.00085,0.000906000000000002,0.0023248,-0.5517908,1.0615828,-0.4115364,-0.001742,-0.0015584
112,0.0069192,-0.5629488,1.0947716,-0.4336072,-0.005456,-0.0042676,0.0105312,-0.55952,1.0772144,-0.4194864,-0.008086,-0.00677
113,0.01505,-0.5550912,1.0786,-0.4253084,-0.0117436,-0.0094284,0.0187268,-0.5671892,1.0927992,-0.4274548,-0.0144224,-0.0119732
114,0.0230808,-0.5472648,1.062412,-0.4169676,-0.0179528,-0.0145264,0.0268336,-0.5747864,1.108316,-0.435432,-0.0206912,-0.0171184
115,0.030932,-0.5394816,1.0462368,-0.4086016,-0.0240224,-0.019512,0.0347724,-0.5823008,1.1237452,-0.443408,-0.0268316,-0.0221556
116,0.0385096,-0.5319948,1.0306212,-0.4005044,-0.0298796,-0.0243244,0.0424608,-0.5897512,1.1391444,-0.4514212,-0.03278,-0.027032
117,0.0457064,-0.5253468,1.016732,-0.3933012,-0.0354416,-0.0288956,0.0498136,-0.5971908,1.1546612,-0.4595656,-0.03847,-0.0316928
118,0.052428,-0.519934,1.0054236,-0.3874488,-0.0406352,-0.0331656,0.0567424,-0.6046504,1.1703884,-0.4679004,-0.043834,-0.0360832
119,0.0585884,-0.5159604,0.9971172,-0.3831632,-0.0453944,-0.0370796,0.0631364,-0.611818,1.1856716,-0.4760816,-0.0487856,-0.040132
120,0.0641064,-0.5134332,0.991802,-0.3804232,-0.0496564,-0.0405864,0.0688752,-0.6181696,1.1993908,-0.4835112,-0.0532312,-0.0437632
121,0.068904,-0.5121652,0.9890612,-0.3789972,-0.0533608,-0.0436364,0.073852,-0.6233116,1.210692,-0.4897256,-0.0570884,-0.0469096
122,0.0729064,-0.5117232,0.9879664,-0.3783868,-0.05645,-0.0461824,0.0779776,-0.6269924,1.219002,-0.4944024,-0.0602884,-0.0495148
123,0.076044,-0.511466,0.9871592,-0.3778724,-0.0588696,-0.04818,0.0811832,-0.6291344,1.2241008,-0.4973976,-0.0627768,-0.051536
124,0.078246,-0.5112788,0.9864072,-0.377334,-0.060566,-0.0495844,0.0834152,-0.6299336,1.2263852,-0.49891,-0.0645128,-0.0529392
125,0.0794592,-0.5112288,0.985884,-0.3768756,-0.0614972,-0.0503624,0.0846404,-0.6298788,1.2268816,-0.4994764,-0.0654696,-0.0537044
126,0.0796552,-0.5113828,0.9857752,-0.3766156,-0.0616412,-0.050496,0.0848432,-0.6296244,1.2269696,-0.4998216,-0.0656352,-0.053822
127,0.0788288,-0.5117516,0.9861096,-0.3765708,-0.060994,-0.0499816,0.0840204,-0.6292728,1.2268636,-0.5000572,-0.0650072,-0.0532896
128,0.0770004,-0.5123288,0.9868732,-0.3767348,-0.0595716,-0.0488324,0.0821924,-0.6288236,1.2265612,-0.500182,-0.0636016,-0.0521208
129,0.0742156,-0.5131008,0.988036,-0.3770932,-0.0574088,-0.0470772,0.0794052,-0.6282764,1.2260596,-0.5001952,-0.061454,-0.050344
130,0.0705412,-0.514016,0.9894592,-0.3775608,-0.0545576,-0.0447584,0.0757172,-0.6272596,1.224564,-0.4996756,-0.0586088,-0.0479964
131,0.066056,-0.5149928,0.9909212,-0.3780012,-0.0510792,-0.0419248,0.0711844,-0.6251356,1.2207076,-0.497896,-0.0551104,-0.0451128
132,0.0608488,-0.51597,0.9922692,-0.378324,-0.0470432,-0.0386332,0.0658748,-0.6215632,1.213754,-0.494462,-0.0510112,-0.0417368
133,0.0550036,-0.51738,0.9944224,-0.3790184,-0.042514,-0.0349356,0.0598676,-0.6165012,1.2036364,-0.4893488,-0.046372,-0.037918
134,0.0485904,-0.5197996,0.9986268,-0.380756,-0.0375468,-0.0308768,0.0532456,-0.6101312,1.1907696,-0.4827904,-0.0412572,-0.0337092
135,0.0416776,-0.5235376,1.0055728,-0.3839204,-0.032194,-0.0264996,0.0461024,-0.6027872,1.17587,-0.4751708,-0.0357392,-0.0291696
136,0.0343372,-0.5286788,1.0154848,-0.3886532,-0.0265112,-0.0218492,0.0385456,-0.5949344,1.1599192,-0.4670076,-0.0299004,-0.024368
137,0.0266472,-0.5351232,1.0282012,-0.3948944,-0.0205588,-0.0169752,0.0306928,-0.5871016,1.144022,-0.4588804,-0.0238316,-0.0193788
138,0.018694,-0.5425568,1.0430764,-0.4023124,-0.0144044,-0.0119324,0.0226332,-0.5793724,1.12833,-0.4508588,-0.0176024,-0.0142592
139,0.0105772,-0.550504,1.0591104,-0.4103832,-0.00812440000000001,-0.0067844,0.014448,-0.5717076,1.112726,-0.4428656,-0.0112748,-0.0090608
140,0.0024032,-0.558458,1.075234,-0.4185424,-0.0018012,-0.0015984,0.006218,-0.5640592,1.097076,-0.4348148,-0.004912,-0.0038356
141,-0.0057472,-0.5663484,1.0913036,-0.4267164,0.0045024,0.0035736,-0.001978,-0.5564316,1.0813848,-0.426708,0.0014264,0.0013668
142,-0.0137956,-0.5741612,1.1072936,-0.4348932,0.010726,0.0086824,-0.0100624,-0.5488344,1.0656756,-0.4185588,0.0076792,0.0064964
143,-0.0216628,-0.5818836,1.1231796,-0.4430616,0.0168084,0.0136772,-0.0179556,-0.541278,1.0499728,-0.4103828,0.0137856,0.0115028
144,-0.029266,-0.5895432,1.139042,-0.4512736,0.0226856,0.0185052,-0.0255556,-0.534094,1.0349924,-0.4025644,0.0196668,0.0163212
145,-0.0365184,-0.5971884,1.155018,-0.4596184,0.0282908,0.0231112,-0.0327524,-0.5278056,1.0218604,-0.395708,0.0252372,0.0208816
146,-0.0433316,-0.6048372,1.1711696,-0.4681396,0.0335556,0.0274392,-0.0394512,-0.5227844,1.0113772,-0.3902428,0.0304236,0.025124
147,-0.049594,-0.6120976,1.1866708,-0.4764008,0.0383936,0.031418,-0.0455652,-0.5192,1.003886,-0.3863404,0.0351592,0.028994
148,-0.0551912,-0.6184616,1.2004352,-0.483822,0.042716,0.0349752,-0.0510156,-0.517032,0.9993176,-0.38395,0.039382,0.0324416
149,-0.0600208,-0.6235524,1.21164,-0.489956,0.0464448,0.038046,-0.0557264,-0.516058,0.9971812,-0.3828016,0.0430336,0.0354188
150,-0.064038,-0.6271364,1.2197504,-0.4945016,0.0495448,0.040602,-0.0596656,-0.5157912,0.9964384,-0.3823424,0.0460884,0.0379064
151,-0.0671812,-0.6291676,1.2246124,-0.4973496,0.051968,0.0426044,-0.0627728,-0.515612,0.995778,-0.3818772,0.0485,0.0398664
152,-0.069404,-0.6298844,1.2267168,-0.4987508,0.0536788,0.0440236,-0.0649876,-0.5154728,0.9951112,-0.3813632,0.0502208,0.0412604
153,-0.070674,-0.6298188,1.2271824,-0.4992908,0.0546524,0.0448392,-0.0662608,-0.5154424,0.9946192,-0.38091,0.0512136,0.042058
154,-0.070968,-0.6295836,1.2273012,-0.4996468,0.0548708,0.045036,-0.06656,-0.5155856,0.9944804,-0.38063,0.0514528,0.0422384
155,-0.0702716,-0.6292316,1.2271832,-0.499876,0.0543232,0.044606,-0.0658712,-0.5159124,0.9947184,-0.380536,0.0509276,0.0417928
156,-0.0685944,-0.6287624,1.2268268,-0.4999768,0.0530164,0.043554,-0.0642032,-0.5164212,0.9953276,-0.3806248,0.0496448,0.0407264
157,-0.0659696,-0.6281712,1.22622,-0.4999436,0.0509768,0.0419016,-0.0615888,-0.5171008,0.9962832,-0.3808836,0.0476304,0.0390604
158,-0.062444,-0.626982,1.2243432,-0.4992352,0.0482408,0.0396776,-0.0580848,-0.5178932,0.9974252,-0.3812132,0.0449276,0.03683
159,-0.05807,-0.624598,1.2199176,-0.4971712,0.0448488,0.0369152,-0.053762,-0.5187212,0.9985464,-0.3814852,0.0415912,0.0340804
160,-0.052916,-0.6207208,1.2122988,-0.4934064,0.040854,0.0336572,-0.0487064,-0.5195496,0.9995512,-0.3816416,0.0376884,0.030866
161,-0.0470644,-0.6153512,1.2015156,-0.4879696,0.0363204,0.0299556,-0.0429992,-0.5208988,1.0015488,-0.382274,0.0332812,0.027238
162,-0.040602,-0.6086964,1.1880352,-0.4811212,0.0313152,0.0258648,-0.03671,-0.5233072,1.0057068,-0.3840136,0.0284232,0.0232408
163,-0.033624,-0.6011124,1.1726172,-0.473266,0.0259124,0.0214452,-0.0299068,-0.52705,1.0126464,-0.3872076,0.0231676,0.0189172
164,-0.026238,-0.5930852,1.1562848,-0.4649428,0.0201952,0.0167648,-0.022662,-0.5321848,1.0225376,-0.3919696,0.0175696,0.0143136
165,-0.0185572,-0.5851104,1.1400732,-0.4566928,0.0142508,0.0118956,-0.0150556,-0.5385856,1.0351588,-0.398206,0.011692,0.0094812
166,-0.0106684,-0.5772264,1.124036,-0.448532,0.0081472,0.0068928,-0.00717880000000001,-0.545912,1.0498072,-0.4055536,0.00560439999999999,0.0044776
167,-0.0026548,-0.5693924,1.108052,-0.4403804,0.0019484,0.0018092,0.000863199999999997,-0.5536684,1.06544,-0.413464,-0.000611600000000005,-0.000630000000000002
168,0.0054012,-0.561568,1.0920056,-0.4321628,-0.0042824,-0.0033028,0.0089616,-0.5613968,1.08109,-0.4214264,-0.00687240000000001,-0.005772
169,0.0134208,-0.5537624,1.0759156,-0.4238892,-0.010484,-0.0083932,0.017036,-0.5690604,1.0966848,-0.4294044,-0.0131156,-0.0108976
170,0.0213244,-0.545988,1.0598104,-0.4155752,-0.0165948,-0.0134108,0.0250068,-0.5766472,1.1122036,-0.437388,-0.01928,-0.015956
171,0.028968,-0.5382888,1.0437884,-0.4072716,-0.0225036,-0.018264,0.0327244,-0.5841512,1.1276376,-0.44537,-0.02525,-0.0208512
172,0.0363104,-0.53105,1.0286796,-0.3994268,-0.0281788,-0.0229268,0.0401724,-0.5916064,1.1430852,-0.453418,-0.0310132,-0.025574
173,0.0432492,-0.5247744,1.0155656,-0.3926204,-0.0335408,-0.027334,0.047266,-0.5990604,1.1586796,-0.4616168,-0.0365036,-0.0300696
174,0.0496936,-0.5198112,1.0051988,-0.387254,-0.0385204,-0.031428,0.0539156,-0.6065072,1.1744312,-0.4699812,-0.041652,-0.0342816
175,0.0555992,-0.5163024,0.9978564,-0.3834608,-0.0430824,-0.03518,0.0600408,-0.6135076,1.1894084,-0.4780148,-0.0463956,-0.0381592
176,0.06089,-0.514202,0.9934188,-0.381164,-0.0471688,-0.0385424,0.0655308,-0.6195752,1.20257,-0.4851604,-0.0506496,-0.041632
177,0.0654948,-0.5132556,0.9913288,-0.3800592,-0.050724,-0.04147,0.0702912,-0.6243548,1.2131372,-0.4909936,-0.05434,-0.0446404
178,0.069342,-0.5129488,0.9904892,-0.3795612,-0.0536932,-0.0439172,0.0742396,-0.6276368,1.2206204,-0.4952328,-0.0574032,-0.0471328
179,0.072354,-0.5127088,0.98969,-0.3790304,-0.056016,-0.0458344,0.0773036,-0.629406,1.2249364,-0.49781,-0.0597824,-0.0490636
180,0.0744704,-0.5125392,0.9889592,-0.3784896,-0.0576464,-0.0471848,0.0794424,-0.629982,1.2267524,-0.4990712,-0.0614468,-0.050408
181,0.0756332,-0.5125056,0.9884672,-0.3780432,-0.0585384,-0.0479308,0.0806148,-0.6298692,1.2271292,-0.4995728,-0.0623628,-0.0511396
182,0.075806,-0.5126652,0.9883724,-0.3777912,-0.0586644,-0.0480496,0.0807944,-0.6296128,1.2272168,-0.4999188,-0.0625108,-0.0512424
183,0.0749784,-0.5130248,0.9886924,-0.3777424,-0.0580164,-0.0475348,0.0799708,-0.629252,1.2270964,-0.5001504,-0.0618824,-0.0507096
184,0.073168,-0.513582,0.9894196,-0.3778932,-0.0566076,-0.0463976,0.0781616,-0.6287888,1.2267704,-0.5002688,-0.0604912,-0.0495524
185,0.0704216,-0.5143232,0.9905228,-0.3782264,-0.0544744,-0.0446672,0.075414,-0.6282012,1.2261892,-0.5002476,-0.058374,-0.0478008
186,0.0668076,-0.5151828,0.9918184,-0.3786272,-0.0516704,-0.0423868,0.071782,-0.6269324,1.2241628,-0.499454,-0.0555724,-0.0454888
187,0.0624032,-0.5160864,0.9931072,-0.3789724,-0.0482548,-0.0396048,0.0673216,-0.6244312,1.219508,-0.4972576,-0.0521296,-0.0426516
188,0.0572924,-0.5169772,0.9942512,-0.3791828,-0.0442932,-0.0363744,0.0620976,-0.620436,1.2116544,-0.4933508,-0.048096,-0.0393296
189,0.0515576,-0.5181556,0.9958932,-0.379602,-0.0398496,-0.0327472,0.056186,-0.6149572,1.2006348,-0.4877568,-0.0435304,-0.035572
190,0.0452688,-0.5202008,0.9992856,-0.380906,-0.0349776,-0.0287672,0.0496708,-0.6082248,1.1869676,-0.4807648,-0.0384976,-0.0314312
191,0.0384924,-0.5234604,1.005202,-0.3835228,-0.0297296,-0.0244768,0.042646,-0.6006172,1.171466,-0.4728112,-0.0330704,-0.0269672
192,0.0312964,-0.5280796,1.0139964,-0.3876636,-0.0241584,-0.0199188,0.03522,-0.592646,1.1552148,-0.4644716,-0.0273324,-0.0222492
193,0.023762,-0.5340192,1.0256292,-0.3933288,-0.0183264,-0.0151444,0.0275108,-0.5847704,1.1391784,-0.4562532,-0.0213744,-0.0173516
194,0.015962,-0.5410392,1.0396072,-0.400266,-0.01229,-0.0101996,0.0195932,-0.5770056,1.1233684,-0.4481544,-0.0152548,-0.0123228
195,0.007984,-0.5487644,1.0551444,-0.4080652,-0.0061172,-0.0051404,0.0115452,-0.5693244,1.1077,-0.4401184,-0.0090332,-0.007212
196,-8.7999999999977e-06,-0.5566672,1.0711284,-0.4161436,6.60000000000016e-05,-7.03999999999971e-05,0.0035136,-0.5616764,1.0920308,-0.4320584,-0.0028232,-0.0021136
197,-0.0079892,-0.5645072,1.087054,-0.4242332,0.0062384,0.0049932,-0.004494,-0.5540436,1.0763096,-0.423938,0.0033696,0.0029684
198,-0.015884,-0.5722712,1.1028976,-0.4323232,0.0123436,0.0100036,-0.012404,-0.5464344,1.0605576,-0.41577,0.009488,0.0079868
199,-0.0236184,-0.5799496,1.1186456,-0.4404092,0.0183236,0.0149132,-0.0201388,-0.5388884,1.0448636,-0.407604,0.015472,0.0128924
200,-0.0311124,-0.5875848,1.1344204,-0.4485708,0.0241164,0.0196708,-0.027594,-0.5318684,1.030224,-0.399976,0.0212408,0.0176184
201,-0.0382824,-0.5952184,1.1503436,-0.4568884,0.0296584,0.024224,-0.0346672,-0.5258532,1.0176696,-0.3934392,0.0267156,0.0221004
202,-0.045044,-0.60287,1.1664804,-0.4654064,0.0348836,0.0285188,-0.0412712,-0.5211716,1.0079112,-0.3883736,0.0318288,0.0262828
203,-0.0513088,-0.6105072,1.1827732,-0.4740984,0.039724,0.0324988,-0.0473288,-0.517988,1.001304,-0.3849704,0.03652,0.0301172
204,-0.0569644,-0.6176884,1.1982752,-0.4824572,0.044092,0.0360928,-0.052766,-0.5162284,0.9976712,-0.3831232,0.0407324,0.0335568
205,-0.0619232,-0.623944,1.2119552,-0.4899188,0.0479208,0.0392456,-0.0575344,-0.5155368,0.9962352,-0.382408,0.044428,0.0365716
206,-0.0661016,-0.6289232,1.2230252,-0.4960432,0.0511452,0.041904,-0.0615728,-0.5154,0.9958912,-0.3822304,0.0475592,0.0391228
207,-0.0694356,-0.6324196,1.2309988,-0.5005496,0.053716,0.0440272,-0.0648228,-0.5152848,0.9955004,-0.3819816,0.0500804,0.041174
208,-0.0718764,-0.6344336,1.235866,-0.503426,0.0555956,0.0455848,-0.0672244,-0.5151848,0.9950436,-0.3816468,0.0519456,0.0426872
209,-0.0733888,-0.6351676,1.2380496,-0.50489,0.0567568,0.0465548,-0.0687264,-0.5151472,0.9946296,-0.3812848,0.0531148,0.04363
210,-0.0739544,-0.6350652,1.23848,-0.5054288,0.0571852,0.0469248,-0.0692956,-0.5152288,0.9944072,-0.3809864,0.0535628,0.0439816
211,-0.0735704,-0.6347396,1.2384512,-0.5057212,0.0568792,0.0466928,-0.0689188,-0.515488,0.9945412,-0.3808576,0.0532788,0.043734
212,-0.0722464,-0.6343132,1.2382184,-0.5059016,0.0558456,0.0458648,-0.067604,-0.5159324,0.9950548,-0.380914,0.0522692,0.0428916
213,-0.0700108,-0.6337844,1.2377764,-0.5059672,0.0541072,0.0444592,-0.06538,-0.5165524,0.995926,-0.3811452,0.0505564,0.0414728
214,-0.0669044,-0.6328148,1.2363996,-0.5055336,0.0516952,0.0425012,-0.0622932,-0.5173032,0.9970336,-0.3814764,0.0481764,0.0395072
215,-0.0629672,-0.6308104,1.232816,-0.5039244,0.0486408,0.040016,-0.0584016,-0.5181124,0.998178,-0.3817832,0.0451736,0.0370308
216,-0.0582484,-0.627434,1.2262972,-0.5007504,0.0449824,0.0370344,-0.05377,-0.5189208,0.9992092,-0.3819776,0.0415984,0.0340852
217,-0.0528084,-0.6225776,1.2166008,-0.495878,0.0407668,0.0335944,-0.0484732,-0.5196864,1.000032,-0.3820084,0.0375088,0.0307176
218,-0.0467316,-0.6163376,1.2039316,-0.4894172,0.0360596,0.0297492,-0.0425972,-0.52057,1.0009992,-0.3820692,0.0329708,0.026982
219,-0.0400972,-0.6090024,1.188936,-0.4817268,0.030922,0.0255488,-0.0361988,-0.5221896,1.0034488,-0.3828824,0.0280288,0.0229152
220,-0.0329976,-0.6009828,1.1725052,-0.4732884,0.0254256,0.0210512,-0.029336,-0.5249648,1.0083076,-0.3849572,0.0227272,0.0185536
221,-0.0255348,-0.5928028,1.1557564,-0.4646976,0.0196492,0.0163216,-0.0220684,-0.5290992,1.0160544,-0.3885704,0.0171124,0.0139356
222,-0.0177988,-0.5847292,1.1392488,-0.4562484,0.0136628,0.0114172,-0.0144592,-0.534576,1.0266848,-0.3937356,0.0112324,0.0091008
223,-0.009864,-0.5767608,1.1229636,-0.4479236,0.0075236,0.0063852,-0.0065788,-0.5411908,1.0397792,-0.4002384,0.0051428,0.0040944
224,-0.0018044,-0.5688768,1.1068324,-0.4396752,0.0012892,0.0012724,0.0014884,-0.5486036,1.0546284,-0.4077096,-0.0010924,-0.00103
225,0.006306,-0.561036,1.0907372,-0.431428,-0.0049832,-0.003874,0.0096452,-0.5563456,1.070246,-0.4156292,-0.0073976,-0.00621
226,0.0143932,-0.5532052,1.074584,-0.42312,-0.0112368,-0.0090072,0.0177948,-0.564032,1.0858204,-0.4235684,-0.0136984,-0.0113844
227,0.0223856,-0.5453932,1.0583944,-0.4147644,-0.0174164,-0.0140812,0.0258652,-0.5716416,1.101312,-0.4315088,-0.0199392,-0.0165072
228,0.0302096,-0.5376416,1.0422612,-0.4064124,-0.0234648,-0.0190488,0.0337844,-0.579168,1.1167132,-0.4394476,-0.026064,-0.0215324
229,0.0377696,-0.5303808,1.0271104,-0.39856,-0.029308,-0.02385,0.0414764,-0.586652,1.1321412,-0.4474608,-0.0320148,-0.0264116
230,0.0449736,-0.524054,1.0138972,-0.3917192,-0.0348756,-0.0284252,0.048864,-0.5941344,1.1477128,-0.455624,-0.0377312,-0.031096
231,0.0517408,-0.518976,1.0033008,-0.3862532,-0.0401048,-0.032724,0.055868,-0.6016368,1.1634972,-0.4639824,-0.0431524,-0.0355352
232,0.0579992,-0.5153248,0.995708,-0.3823684,-0.04494,-0.0367,0.0624076,-0.6091616,1.1795108,-0.4725492,-0.0482156,-0.039678
233,0.0636784,-0.5130804,0.9910616,-0.380026,-0.0493272,-0.0403088,0.0683784,-0.6163752,1.19504,-0.4809416,-0.05284,-0.043458
234,0.0687088,-0.5120104,0.9888436,-0.3789376,-0.053212,-0.0435064,0.0736688,-0.6227816,1.2090092,-0.4885764,-0.0569392,-0.0468044
235,0.0730252,-0.5116632,0.9880792,-0.3785764,-0.0565444,-0.0462512,0.0781872,-0.6280036,1.2205768,-0.4949864,-0.0604428,-0.04966
236,0.076566,-0.511436,0.9874792,-0.3782532,-0.0592768,-0.0485044,0.081864,-0.6317936,1.2291648,-0.4998396,-0.0632956,-0.0519804
237,0.07927,-0.511236,0.98684,-0.3778544,-0.0613616,-0.0502268,0.084646,-0.6341032,1.2346544,-0.5030632,-0.0654568,-0.0537332
238,0.0810016,-0.5111304,0.9863096,-0.3774556,-0.0626944,-0.0513332,0.0864136,-0.6350804,1.2373544,-0.5048128,-0.0668336,-0.0548424
239,0.0818308,-0.511146,0.9859668,-0.3771104,-0.0633288,-0.0518676,0.087256,-0.6351104,1.2380692,-0.5055112,-0.0674948,-0.0553652
240,0.081744,-0.5113464,0.9859884,-0.3769304,-0.0632544,-0.051822,0.0871752,-0.634816,1.2381112,-0.5058468,-0.0674416,-0.0553024
241,0.0807468,-0.5117536,0.9864376,-0.3769564,-0.0624756,-0.0511992,0.08618,-0.6344496,1.2380116,-0.5060972,-0.0666808,-0.0546604
242,0.0788588,-0.512362,0.9873008,-0.3771812,-0.0610072,-0.050012,0.0842908,-0.6340112,1.237768,-0.506262,-0.0652284,-0.053452
243,0.0761156,-0.5131428,0.9885016,-0.3775592,-0.0588772,-0.0482828,0.0815388,-0.6333124,1.2369748,-0.5061256,-0.0631076,-0.0516968
244,0.0725616,-0.514024,0.9898384,-0.3779636,-0.05612,-0.0460396,0.0779492,-0.6317308,1.2343008,-0.5049808,-0.0603392,-0.0494112
245,0.0682504,-0.514942,0.9911468,-0.3782968,-0.0527768,-0.0433156,0.073556,-0.6288624,1.2288768,-0.5023644,-0.0569488,-0.046616
246,0.0632468,-0.515848,0.9923136,-0.3784964,-0.0488984,-0.0401524,0.0684084,-0.624542,1.2203392,-0.4980796,-0.0529748,-0.0433424
247,0.057628,-0.5167904,0.9934464,-0.3786248,-0.0445444,-0.0365984,0.062576,-0.6188104,1.208766,-0.4921652,-0.0484704,-0.039634
248,0.0514644,-0.5183448,0.99579,-0.3793532,-0.0397696,-0.032698,0.056142,-0.6119132,1.19471,-0.48493,-0.0435012,-0.0355444
249,0.04482,-0.520986,1.0003868,-0.381252,-0.0346236,-0.0284912,0.0492008,-0.6042296,1.1789988,-0.4768244,-0.0381388,-0.0311332
250,0.0377572,-0.5249652,1.0078132,-0.384648,-0.0291548,-0.0240176,0.041858,-0.5962532,1.1626884,-0.468414,-0.0324656,-0.0264672
251,0.0303412,-0.5303216,1.018192,-0.3896268,-0.0234144,-0.0193184,0.034216,-0.5883772,1.1466096,-0.4601392,-0.02656,-0.021612
252,0.0226412,-0.5368864,1.0311804,-0.3960152,-0.0174552,-0.0144376,0.0263504,-0.5806136,1.1307724,-0.4519988,-0.0204808,-0.0166156
253,0.0147356,-0.5443504,1.0461344,-0.4034796,-0.0113384,-0.0094248,0.0183356,-0.5729444,1.1151168,-0.4439516,-0.0142852,-0.011526
254,0.0067156,-0.5522756,1.0621336,-0.4115372,-0.005134,-0.0043376,0.0102464,-0.5653324,1.0995344,-0.4359276,-0.0080308,-0.00639
255,-0.001322,-0.5601944,1.0781912,-0.4196672,0.0010828,0.0007616,0.0021568,-0.5577332,1.0839016,-0.427848,-0.0017752,-0.0012548
256,-0.0093016,-0.5680376,1.094166,-0.4277972,0.007254,0.0058256,-0.0058612,-0.5501488,1.068222,-0.4197152,0.004426,0.00383319999999999
257,-0.0171508,-0.5757928,1.1100364,-0.435918,0.0133236,0.010808,-0.0137352,-0.5425896,1.0525212,-0.4115444,0.0105172,0.008828
258,-0.0247944,-0.5834876,1.1258848,-0.444084,0.0192332,0.0156604,-0.0213708,-0.5353836,1.0375076,-0.4037164,0.0164252,0.0136696
259,-0.0321548,-0.5911652,1.1418364,-0.4523768,0.0249224,0.020334,-0.0286688,-0.529006,1.0242024,-0.3967796,0.0220732,0.0182952
260,-0.0391528,-0.5988504,1.1579684,-0.4608476,0.0303308,0.0247784,-0.0355428,-0.5238016,1.0133496,-0.3911328,0.0273948,0.02265
261,-0.0455892,-0.6065512,1.1743144,-0.4695172,0.035304,0.0288668,-0.0418104,-0.5200164,1.0054812,-0.387056,0.032248,0.026618
262,-0.0514932,-0.6140596,1.1904308,-0.4781524,0.0398648,0.032618,-0.0475128,-0.5176488,1.000588,-0.3845444,0.0366652,0.0302268
263,-0.0566788,-0.6208356,1.2051508,-0.486128,0.0438692,0.035914,-0.0525032,-0.5165152,0.998252,-0.383364,0.040532,0.0333824
264,-0.0611636,-0.6265,1.2176348,-0.4929772,0.0473312,0.038766,-0.0568304,-0.516216,0.9976084,-0.3830436,0.0438864,0.0361172
265,-0.0648792,-0.6307648,1.2272176,-0.4983224,0.0501976,0.0411312,-0.0604416,-0.5161328,0.9973344,-0.3828764,0.0466872,0.0383972
266,-0.0677708,-0.6335256,1.233652,-0.5020184,0.052426,0.0429744,-0.0632772,-0.5160364,0.996936,-0.3825952,0.048888,0.0401852
267,-0.0697908,-0.6348776,1.2371328,-0.5041632,0.05398,0.0442656,-0.0652764,-0.5159656,0.9964964,-0.3822424,0.050442,0.0414432
268,-0.0709012,-0.6351368,1.2383208,-0.5051012,0.0548296,0.04498,-0.0663856,-0.5159732,0.9961452,-0.3818932,0.0513072,0.0421368
269,-0.0710792,-0.6348732,1.2384168,-0.5054628,0.054958,0.045104,-0.0665692,-0.516122,0.9960536,-0.3816544,0.0514568,0.0422444
270,-0.0703156,-0.6345016,1.2382956,-0.5057064,0.054358,0.0446312,-0.0658132,-0.5164508,0.9963308,-0.3815968,0.0508796,0.0417564
271,-0.0686212,-0.6340232,1.237956,-0.5058316,0.053038,0.0435688,-0.064128,-0.516956,0.996968,-0.3817152,0.0495836,0.0406796
272,-0.0660304,-0.6333584,1.237226,-0.5057468,0.0510248,0.041938,-0.06155,-0.5176192,0.9979192,-0.381984,0.0475968,0.0390364
273,-0.062584,-0.63192,1.2348504,-0.5047856,0.04835,0.0397644,-0.0581316,-0.5183736,0.9989968,-0.3822844,0.0449604,0.0368604
274,-0.0583268,-0.6292444,1.229832,-0.5024168,0.0450484,0.037076,-0.0539348,-0.519154,1.0000272,-0.3825108,0.0417216,0.0341908
275,-0.0533136,-0.6251148,1.2216984,-0.498386,0.0411624,0.0339072,-0.04903,-0.51991,1.0008896,-0.3825948,0.0379352,0.0310716
276,-0.0476128,-0.6195248,1.2104232,-0.4926744,0.0367456,0.0303012,-0.043496,-0.5206248,1.00155,-0.3825208,0.033662,0.0275536
277,-0.0413056,-0.612678,1.196462,-0.4855348,0.0318604,0.0263096,-0.0374028,-0.521778,1.0030468,-0.3828496,0.0289564,0.0236808
278,-0.0344804,-0.6049276,1.1805924,-0.4773924,0.0265756,0.0219872,-0.0308104,-0.523908,1.006554,-0.3842188,0.023864,0.0194912
279,-0.0272352,-0.5967408,1.1638184,-0.4687856,0.0209668,0.0173968,-0.0237784,-0.5273216,1.0127644,-0.3870164,0.0184312,0.0150224
280,-0.0196724,-0.5885984,1.1471596,-0.4602556,0.015114,0.0126032,-0.0163688,-0.5321172,1.0219316,-0.3913988,0.0127064,0.010314
281,-0.0118712,-0.5805648,1.1307404,-0.4518632,0.0090776,0.00765640000000001,-0.0086488,-0.5381724,1.0338136,-0.3972476,0.0067408,0.0054096
282,-0.003906,-0.5726296,1.1145168,-0.4435752,0.0029152,0.002604,-0.000695999999999997,-0.5452128,1.0478424,-0.4042692,0.000594399999999998,0.0003576
283,0.0041228,-0.5647708,1.0984168,-0.4353396,-0.0032952,-0.00249,0.00737,-0.552836,1.063174,-0.41202,-0.0056404,-0.0047652
284,0.0121624,-0.556934,1.082292,-0.4270644,-0.0095128,-0.0075924,0.01547,-0.5605372,1.0787432,-0.4199384,-0.011902,-0.0099084
285,0.0201424,-0.5491128,1.0661216,-0.418736,-0.0156832,-0.012658,0.0235244,-0.5681684,1.094242,-0.4278624,-0.01813,-0.0150216
286,0.0278748,-0.5413156,1.0499244,-0.4103688,-0.0216612,-0.0175668,0.0313568,-0.575684,1.109578,-0.4357496,-0.0241872,-0.0199924
287,0.0353996,-0.533748,1.0341484,-0.4022004,-0.0274784,-0.0223448,0.039006,-0.5831348,1.1248744,-0.4436672,-0.0301044,-0.0248452
288,0.0426248,-0.5269104,1.0198708,-0.3948072,-0.0330624,-0.0269332,0.0463992,-0.59057,1.1402712,-0.4517052,-0.0358244,-0.0295336
289,0.0494668,-0.5211816,1.007908,-0.3886268,-0.0383496,-0.0312788,0.05346,-0.598022,1.1558632,-0.4599244,-0.0412888,-0.0340092
290,0.0558496,-0.5168104,0.998798,-0.383946,-0.0432812,-0.0353336,0.0601088,-0.6055032,1.1716948,-0.4683552,-0.0464356,-0.0382216
291,0.0617016,-0.5138876,0.9927348,-0.3808664,-0.0478016,-0.0390524,0.0662556,-0.6129128,1.1875564,-0.4768872,-0.0511956,-0.0421136
292,0.0669508,-0.512282,0.9894144,-0.3792132,-0.0518556,-0.0423888,0.0717856,-0.6197528,1.2023756,-0.4849424,-0.0554796,-0.0456128
293,0.0715272,-0.511656,0.9881008,-0.378584,-0.0553888,-0.0452984,0.0765952,-0.6255864,1.2151936,-0.4919964,-0.0592072,-0.0486536
294,0.0753668,-0.5114388,0.9875688,-0.378322,-0.058352,-0.0477408,0.0806028,-0.6300956,1.2252864,-0.4976404,-0.062316,-0.0511848
295,0.0784064,-0.5112348,0.9869696,-0.3779724,-0.0606968,-0.049676,0.0837468,-0.6331256,1.2322872,-0.50166,-0.0647572,-0.0531672
296,0.0805864,-0.5110796,0.9863784,-0.3775704,-0.0623764,-0.0510668,0.085982,-0.6347272,1.236296,-0.5041032,-0.0664956,-0.0545732
297,0.0818584,-0.5110248,0.9859184,-0.3771852,-0.0633532,-0.0518816,0.0872768,-0.635162,1.2378592,-0.5052528,-0.0675068,-0.0553828
298,0.0821928,-0.511132,0.9857512,-0.3769164,-0.0636048,-0.0521028,0.0876192,-0.634938,1.2380456,-0.5056692,-0.0677812,-0.0555884
299,0.0815816,-0.5114516,0.9860208,-0.3768568,-0.0631244,-0.0517244,0.0870116,-0.634602,1.2380076,-0.5059572,-0.06732,-0.055192
300,0.0800368,-0.5119824,0.986726,-0.3770064,-0.0619216,-0.0507548,0.0854668,-0.6341912,1.2378208,-0.5061564,-0.066134,-0.0542016
301,0.0775924,-0.5127104,0.9878348,-0.3773492,-0.0600228,-0.0492148,0.0830188,-0.6336876,1.2374448,-0.506246,-0.0642488,-0.0526392
302,0.0742988,-0.5135752,0.9891792,-0.3777812,-0.0574668,-0.0471368,0.0797052,-0.6325964,1.2358192,-0.5056636,-0.061694,-0.0505284
303,0.0702152,-0.5145044,0.9905668,-0.3781844,-0.0542996,-0.0445572,0.0755644,-0.6303848,1.2318028,-0.503802,-0.0584988,-0.0478928
304,0.0654084,-0.5154408,0.991856,-0.378478,-0.0505736,-0.0415192,0.070646,-0.6267744,1.224792,-0.5003376,-0.054702,-0.0447644
305,0.0599556,-0.5163448,0.99296,-0.3786172,-0.046348,-0.0380708,0.0650132,-0.621706,1.2146472,-0.4951916,-0.0503524,-0.0411828
306,0.0539332,-0.5175324,0.9945644,-0.3789736,-0.0416824,-0.03426,0.0587444,-0.6153268,1.2016936,-0.4885428,-0.0455108,-0.037198
307,0.0474056,-0.5195968,0.9979584,-0.3802452,-0.0366264,-0.030128,0.051928,-0.6079576,1.1866424,-0.4807844,-0.0402452,-0.0328656
308,0.0404604,-0.522888,1.0039228,-0.3828672,-0.0312484,-0.0257296,0.0446912,-0.6000336,1.1704324,-0.4724236,-0.034654,-0.0282668
309,0.0331392,-0.527564,1.0128388,-0.3870636,-0.02558,-0.0210908,0.0371192,-0.5920764,1.154174,-0.4640508,-0.0288032,-0.023456
310,0.0255052,-0.53355,1.0245732,-0.3927764,-0.0196716,-0.0162524,0.0292952,-0.5842332,1.1381696,-0.4558236,-0.0227564,-0.0184856
311,0.01763,-0.5406052,1.0386284,-0.39975,-0.0135776,-0.0112592,0.0212908,-0.5764968,1.1223844,-0.4477144,-0.0165696,-0.0134016
312,0.00959680000000001,-0.5483564,1.0542232,-0.4075768,-0.007362,-0.0061644,0.0131788,-0.5688396,1.1067344,-0.439668,-0.010298,-0.0082504
313,0.00150240000000001,-0.5563012,1.0702984,-0.4156984,-0.0011008,-0.0010292,0.0050324,-0.5612148,1.0910876,-0.4315996,-0.0039992,-0.0030788
314,-0.0065668,-0.5641772,1.0863028,-0.4238248,0.00514,0.0040908,-0.0030752,-0.5536008,1.0753848,-0.423472,0.0022708,0.0020664
315,-0.0145392,-0.5719712,1.1022132,-0.4319464,0.0113048,0.0091504,-0.011072,-0.5460072,1.059648,-0.415298,0.0084564,0.00714
316,-0.0223412,-0.5796832,1.1180392,-0.4400728,0.0173372,0.0141036,-0.0188796,-0.5385376,1.044104,-0.4072016,0.0144968,0.0120916
317,-0.0298968,-0.5873588,1.1339124,-0.4482892,0.023178,0.0189008,-0.0263956,-0.5316768,1.0297952,-0.399742,0.0203128,0.0168564
318,-0.0371276,-0.5950324,1.1499336,-0.456662,0.0287668,0.0234928,-0.0335276,-0.5258332,1.0176036,-0.3933924,0.0258328,0.021376
319,-0.0439544,-0.6027192,1.1661556,-0.4652276,0.034042,0.0278288,-0.0401952,-0.5212872,1.0081324,-0.388476,0.0309952,0.0255992
320,-0.0502932,-0.6103856,1.182516,-0.4739556,0.0389392,0.031856,-0.0463272,-0.5181728,1.001674,-0.3851488,0.035744,0.0294808
321,-0.0560364,-0.617592,1.19807,-0.4823392,0.0433752,0.035506,-0.0518548,-0.5164108,0.9980384,-0.3832984,0.040026,0.032978
322,-0.0610816,-0.62387,1.2117964,-0.4898232,0.0472704,0.0387132,-0.05671,-0.5157148,0.9965944,-0.3825776,0.0437888,0.036048
323,-0.0653444,-0.6288688,1.2229064,-0.4959672,0.0505604,0.0414252,-0.0608332,-0.5155712,0.996238,-0.3823924,0.0469856,0.0386532
324,-0.0687612,-0.632382,1.2309144,-0.5004904,0.0531952,0.0436008,-0.064166,-0.5154472,0.9958296,-0.382134,0.0495708,0.0407568
325,-0.0712828,-0.6344096,1.23581,-0.5033808,0.0551372,0.0452096,-0.066648,-0.5153368,0.9953512,-0.3817876,0.0514984,0.0423208
326,-0.0728736,-0.6351552,1.2380164,-0.5048564,0.0563588,0.0462288,-0.0682284,-0.5152868,0.9949116,-0.3814132,0.052728,0.0433132
327,-0.0735144,-0.6350616,1.2384652,-0.5054048,0.0568452,0.046646,-0.0688724,-0.5153544,0.9946612,-0.3811008,0.0532336,0.0437124
328,-0.073202,-0.6347432,1.2384504,-0.5057052,0.056594,0.0464588,-0.0685664,-0.5155988,0.9947652,-0.3809572,0.0530044,0.0435096
329,-0.0719444,-0.6343224,1.2382284,-0.5058916,0.0556124,0.0456732,-0.067318,-0.5160284,0.995248,-0.3809988,0.0520464,0.0427096
330,-0.0697708,-0.633798,1.2377944,-0.505962,0.053922,0.0443068,-0.0651556,-0.5166336,0.9960888,-0.3812152,0.0503808,0.04133
331,-0.0667224,-0.632832,1.2364244,-0.5055324,0.0515548,0.0423852,-0.0621264,-0.5173704,0.9971668,-0.3815324,0.0480452,0.0394008
332,-0.0628396,-0.6308304,1.232846,-0.5039268,0.0485424,0.0399344,-0.0582876,-0.518166,0.9982828,-0.3818256,0.0450832,0.0369584
333,-0.0581708,-0.627456,1.2263312,-0.5007556,0.0449228,0.0369844,-0.0537048,-0.5189616,0.9992876,-0.3820076,0.0415456,0.034044
334,-0.0527776,-0.6226012,1.2166388,-0.495886,0.0407432,0.0335736,-0.0484524,-0.5197148,1.0000856,-0.3820268,0.0374904,0.0307048
335,-0.0467356,-0.6163628,1.2039728,-0.4894276,0.0360628,0.0297504,-0.0426088,-0.5205904,1.0010356,-0.3820792,0.0329776,0.02699
336,-0.0401296,-0.6090292,1.1889808,-0.4817396,0.0309472,0.0255676,-0.0362368,-0.5222036,1.0034712,-0.3828856,0.0280564,0.0229404
337,-0.0330528,-0.6010112,1.1725532,-0.4733036,0.0254684,0.0210848,-0.029396,-0.5249736,1.0083196,-0.3849552,0.0227716,0.0185928
338,-0.0256092,-0.5928328,1.1558076,-0.4647152,0.0197072,0.0163676,-0.0221468,-0.529104,1.016058,-0.3885644,0.0171708,0.0139864
339,-0.01789,-0.5847604,1.1393032,-0.4562684,0.0137336,0.011474,-0.0145536,-0.5345776,1.0266812,-0.3937264,0.0113036,0.009162
340,-0.00997,-0.5767936,1.1230212,-0.4479456,0.007606,0.0064512,-0.006688,-0.5411896,1.03977,-0.4002264,0.0052248,0.0041652
341,-0.0019232,-0.5689108,1.1068932,-0.4396996,0.0013812,0.0013464,0.0013668,-0.5486004,1.0546152,-0.4076952,-0.0010008,-0.000951200000000001
342,0.006176,-0.5610716,1.0908016,-0.431454,-0.0048832,-0.0037928,0.0095128,-0.5563404,1.0702296,-0.4156132,-0.0072976,-0.0061244
343,0.0142536,-0.553242,1.0746516,-0.423148,-0.01113,-0.0089196,0.0176536,-0.5640256,1.0858016,-0.4235512,-0.0135912,-0.0112932
344,0.0222388,-0.5454316,1.0584656,-0.414794,-0.017304,-0.0139888,0.0257164,-0.5716344,1.1012916,-0.4314908,-0.019826,-0.0164112
345,0.0300572,-0.5376816,1.042336,-0.4064432,-0.0233476,-0.0189532,0.0336292,-0.5791608,1.116692,-0.4394296,-0.025946,-0.0214324
346,0.0376128,-0.530422,1.0271884,-0.3985924,-0.0291876,-0.0237512,0.0413168,-0.5866452,1.13212,-0.4474428,-0.0318928,-0.0263088
347,0.044814,-0.5240964,1.0139784,-0.3917528,-0.0347528,-0.0283248,0.0487012,-0.594128,1.1476928,-0.4556064,-0.0376068,-0.0309908
348,0.05158,-0.5190196,1.0033848,-0.386288,-0.0399812,-0.0326228,0.0557036,-0.6016312,1.1634788,-0.4639656,-0.0430268,-0.0354288
349,0.0578384,-0.5153696,0.9957944,-0.3824044,-0.0448164,-0.0365988,0.0622428,-0.6091572,1.1794948,-0.4725336,-0.0480896,-0.0395708
350,0.0635192,-0.513126,0.9911504,-0.3800632,-0.0492048,-0.0402088,0.0682144,-0.6163716,1.1950268,-0.4809276,-0.0527148,-0.0433512
351,0.0684684,-0.5120848,0.9889944,-0.379004,-0.0530268,-0.0433548,0.0734164,-0.6227812,1.2090056,-0.488564,-0.0567456,-0.0466412
352,0.0727224,-0.5117592,0.9882768,-0.3786652,-0.0563108,-0.04606,0.077868,-0.6280056,1.22058,-0.494976,-0.0601972,-0.049454
353,0.0762252,-0.5115456,0.987706,-0.3783564,-0.0590132,-0.0482884,0.0815036,-0.6317968,1.2291728,-0.4998308,-0.0630184,-0.0517488
354,0.0789176,-0.51135,0.9870772,-0.3779632,-0.0610892,-0.0500036,0.0842736,-0.6341068,1.2346656,-0.5030556,-0.0651704,-0.053494
355,0.0807468,-0.5112184,0.9864932,-0.3775392,-0.0624976,-0.0511716,0.08614,-0.635088,1.2373728,-0.5048112,-0.0666236,-0.0546656
356,0.0816724,-0.5112104,0.9861016,-0.3771708,-0.0632064,-0.0517668,0.0870796,-0.6351236,1.2380988,-0.5055168,-0.06736,-0.05525
357,0.0816724,-0.5113912,0.9860828,-0.3769716,-0.0631988,-0.0517756,0.0870856,-0.634836,1.2381544,-0.5058604,-0.0673736,-0.0552424
358,0.0807432,-0.5117844,0.9865028,-0.3769836,-0.0624724,-0.051196,0.0861588,-0.6344764,1.238068,-0.5061184,-0.0666656,-0.054644
359,0.0789024,-0.5123836,0.9873472,-0.3771996,-0.0610408,-0.0500384,0.0843168,-0.6340436,1.2378352,-0.5062888,-0.0652496,-0.053466
360,0.0761876,-0.5131592,0.9885372,-0.377572,-0.0589328,-0.0483272,0.0815928,-0.6333476,1.2370484,-0.506156,-0.0631508,-0.0517288
361,0.072648,-0.5140372,0.9898672,-0.3779736,-0.0561868,-0.0460928,0.0780176,-0.6317672,1.2343772,-0.5050132,-0.0603936,-0.0494524
362,0.0683428,-0.5149528,0.9911712,-0.3783044,-0.0528484,-0.0433728,0.0736308,-0.6288984,1.2289524,-0.5023968,-0.057008,-0.0466612
363,0.0633412,-0.5158568,0.992334,-0.3785024,-0.0489716,-0.0402112,0.068486,-0.6245768,1.2204124,-0.4981112,-0.0530356,-0.0433892
364,0.0577228,-0.5167976,0.9934628,-0.3786288,-0.044618,-0.0366572,0.062654,-0.6188436,1.2088356,-0.4921952,-0.048532,-0.0396816
365,0.051558,-0.51835,0.9958028,-0.379356,-0.0398424,-0.0327556,0.0562196,-0.6119444,1.1947748,-0.484958,-0.043562,-0.0355916
366,0.0449104,-0.5209896,1.0003956,-0.3812528,-0.034694,-0.0285468,0.0492764,-0.604258,1.179058,-0.4768504,-0.038198,-0.0311788
367,0.0378432,-0.5249668,1.007818,-0.3846472,-0.029222,-0.0240704,0.04193,-0.5962788,1.1627412,-0.4684372,-0.032522,-0.0265108
368,0.0304216,-0.5303216,1.0181928,-0.3896244,-0.0234768,-0.0193676,0.0342828,-0.5883992,1.1466548,-0.4601592,-0.0266128,-0.0216524
369,0.0227144,-0.5368848,1.0311768,-0.3960116,-0.0175116,-0.014482,0.0264112,-0.5806316,1.1308096,-0.4520152,-0.0205288,-0.0166524
370,0.0148,-0.5443472,1.0461264,-0.4034748,-0.011388,-0.0094636,0.0183896,-0.572958,1.1151452,-0.443964,-0.0143276,-0.011558
371,0.0067696,-0.5522704,1.0621216,-0.4115308,-0.0051756,-0.00437,0.0102916,-0.5653412,1.0995528,-0.4359356,-0.0080668,-0.0064164
372,-0.0012792,-0.5601868,1.0781748,-0.4196596,0.00105,0.000736400000000003,0.002192,-0.5577368,1.0839096,-0.4278516,-0.0018036,-0.0012752
373,-0.0092116,-0.5680292,1.0941504,-0.4277888,0.0071844,0.00577,-0.0057824,-0.5501656,1.0682588,-0.4197328,0.004364,0.0037848
374,-0.0170096,-0.575784,1.110022,-0.4359088,0.013214,0.0107196,-0.0136088,-0.5426208,1.0525896,-0.4115772,0.0104184,0.0087492
375,-0.0246012,-0.5834784,1.1258716,-0.444074,0.0190832,0.0155392,-0.021196,-0.53543,1.0376076,-0.4037644,0.0162892,0.0135604
376,-0.0318276,-0.5911272,1.141764,-0.4523376,0.0246688,0.0201276,-0.0283568,-0.5290648,1.0243268,-0.396842,0.0218312,0.0180984
377,-0.0387128,-0.5987908,1.1578508,-0.460786,0.02999,0.0245004,-0.0351176,-0.5238724,1.0134984,-0.3912084,0.0270652,0.0223808
378,-0.0451812,-0.6064756,1.174162,-0.4694412,0.0349876,0.0286092,-0.0414072,-0.520064,1.00558,-0.3871088,0.031936,0.0263632
379,-0.0511416,-0.6139772,1.1902624,-0.4780712,0.039592,0.0323964,-0.0471588,-0.5176748,1.00064,-0.3845756,0.0363912,0.0300032
380,-0.0564716,-0.6207312,1.204936,-0.486022,0.0437084,0.035784,-0.0522924,-0.5165172,0.9982504,-0.3833652,0.0403688,0.0332496
381,-0.0610708,-0.6262952,1.2172076,-0.4927584,0.0472588,0.0387088,-0.0567372,-0.5161916,0.997542,-0.383006,0.0438144,0.0360588
382,-0.0648588,-0.6303704,1.2263892,-0.49789,0.0501808,0.0411196,-0.0604268,-0.5160816,0.9971952,-0.3827916,0.046676,0.0383884
383,-0.06777,-0.6328688,1.2322672,-0.50129,0.0524244,0.0429752,-0.0632896,-0.5159628,0.9967264,-0.3824608,0.0488984,0.0401936
384,-0.0697528,-0.63394,1.2351496,-0.503116,0.0539496,0.0442424,-0.0652576,-0.5158812,0.9962364,-0.3820672,0.0504284,0.0414316
385,-0.0707704,-0.6339988,1.2359084,-0.503824,0.054728,0.0448984,-0.0662768,-0.5158964,0.9958784,-0.381702,0.0512244,0.0420688
386,-0.070806,-0.633722,1.2359688,-0.5041612,0.0547464,0.044932,-0.066318,-0.5160764,0.9958412,-0.3814852,0.051264,0.042086
387,-0.0698556,-0.6333292,1.2357928,-0.5043712,0.054002,0.0443408,-0.0653756,-0.5164404,0.9961796,-0.3814528,0.0505424,0.0414796
388,-0.0679388,-0.6328192,1.2353756,-0.5044508,0.05251,0.0431376,-0.0634684,-0.5169812,0.9968772,-0.381596,0.0490744,0.0402616
389,-0.0650996,-0.632112,1.2345444,-0.5043096,0.0503044,0.0413488,-0.0606408,-0.517678,0.9978824,-0.3818872,0.0468948,0.0384604
390,-0.061386,-0.6306212,1.2320444,-0.5032808,0.0474228,0.0390052,-0.0569544,-0.5184616,0.9990028,-0.3822052,0.0440508,0.0361144
391,-0.0568528,-0.627884,1.2268824,-0.5008356,0.0439076,0.0361416,-0.0524804,-0.5192656,1.0000632,-0.382444,0.0405976,0.0332688
392,-0.0515652,-0.6236872,1.218592,-0.4967224,0.0398096,0.0327984,-0.0472996,-0.5200388,1.0009424,-0.3825344,0.036598,0.0299748
393,-0.0456016,-0.6180516,1.2072284,-0.4909752,0.0351896,0.0290252,-0.0414932,-0.5210532,1.0022224,-0.382788,0.0321144,0.026284
394,-0.0390456,-0.6112008,1.1933012,-0.4838808,0.030112,0.0248748,-0.0351252,-0.5229556,1.0053,-0.383958,0.027196,0.0222368
395,-0.0319888,-0.6034824,1.177564,-0.4758464,0.0246484,0.0204052,-0.0282584,-0.526128,1.0110212,-0.3865092,0.0218912,0.0178732
396,-0.024532,-0.5953544,1.1609868,-0.4673856,0.0188768,0.01568,-0.0209568,-0.5307124,1.0197312,-0.3906464,0.01625,0.0132336
397,-0.0167808,-0.5872836,1.1445484,-0.459012,0.0128784,0.0107664,-0.0132924,-0.5366476,1.031346,-0.3963476,0.0103276,0.0083636
398,-0.0088768,-0.5793144,1.1283192,-0.4507548,0.0067632,0.0057544,-0.0054004,-0.5436364,1.0452524,-0.4033004,0.0042288,0.00335
399,-0.000843599999999998,-0.5714156,1.112204,-0.4425468,0.000549199999999996,0.000658399999999999,0.0026732,-0.5512576,1.06057,-0.4110408,-0.0020116,-0.0017784
400,0.007244,-0.5635376,1.0960604,-0.4342952,-0.005706,-0.0044736,0.0108216,-0.5589664,1.0761484,-0.4189616,-0.0083108,-0.0069532
401,0.015314,-0.5556764,1.0798724,-0.425988,-0.011946,-0.0095956,0.0189636,-0.566616,1.0916816,-0.4269016,-0.014606,-0.0121224
402,0.0232932,-0.5478444,1.0636676,-0.41764,-0.0181152,-0.0146612,0.027026,-0.5741964,1.1071524,-0.4348528,-0.0208408,-0.0172396
403,0.0311064,-0.5400536,1.0474752,-0.409268,-0.0241552,-0.0196224,0.0349328,-0.581698,1.1225432,-0.4428068,-0.0269568,-0.0222568
404,0.038666,-0.5325096,1.0317392,-0.4011108,-0.0299984,-0.0244232,0.042606,-0.5891348,1.1378988,-0.4507928,-0.0328936,-0.027124
405,0.0458564,-0.5257596,1.0176336,-0.3937956,-0.0355552,-0.02899,0.0499532,-0.5965572,1.1533632,-0.4589036,-0.0385788,-0.0317816
406,0.0525816,-0.5202144,1.0060436,-0.387796,-0.040752,-0.0332624,0.0568856,-0.6039996,1.1690348,-0.4672024,-0.0439452,-0.0361744
407,0.0587552,-0.5160996,0.9974408,-0.3833564,-0.0455212,-0.0371848,0.0632956,-0.6112064,1.184382,-0.4754112,-0.0489088,-0.0402336
408,0.0642948,-0.5134396,0.9918484,-0.380474,-0.0498,-0.0407052,0.0690608,-0.617642,1.1982628,-0.4829204,-0.0533752,-0.043882
409,0.069122,-0.5120676,0.988894,-0.3789396,-0.0535276,-0.043774,0.0740732,-0.6229008,1.2097984,-0.4892536,-0.05726,-0.0470508
410,0.0731608,-0.5115764,0.9877016,-0.3782828,-0.0566448,-0.0463428,0.0782412,-0.6267172,1.2183868,-0.4940744,-0.0604924,-0.0496832
411,0.0763412,-0.51132,0.9869032,-0.377778,-0.059098,-0.0483676,0.0814944,-0.6289932,1.2237656,-0.4972168,-0.063018,-0.0517348
412,0.0785924,-0.5111296,0.9861496,-0.3772424,-0.0608328,-0.0498036,0.0837792,-0.6298972,1.226268,-0.498844,-0.0647944,-0.0531716
413,0.0798604,-0.5110708,0.9856092,-0.3767768,-0.0618064,-0.0506164,0.08506,-0.6298896,1.2268608,-0.4994616,-0.0657944,-0.053972
414,0.0801152,-0.5112128,0.9854744,-0.3765028,-0.0619956,-0.0507868,0.0853216,-0.6296412,1.2269588,-0.4998116,-0.066006,-0.0541268
415,0.0793496,-0.5115704,0.9857848,-0.3764456,-0.0613952,-0.0503108,0.0845592,-0.6292968,1.2268664,-0.500054,-0.0654252,-0.0536332
416,0.0775816,-0.512138,0.986528,-0.3765988,-0.0600196,-0.0492004,0.0827916,-0.6288564,1.2265808,-0.5001868,-0.0640664,-0.0525024
417,0.0748548,-0.5129024,0.987674,-0.3769476,-0.057902,-0.047482,0.0800628,-0.6283188,1.2260984,-0.5002092,-0.061964,-0.0507624
418,0.0712352,-0.5138176,0.989102,-0.37742,-0.0550936,-0.0451976,0.0764308,-0.6273804,1.2247684,-0.4997768,-0.0591624,-0.04845
419,0.0667992,-0.5148012,0.9905876,-0.377876,-0.0516536,-0.0423952,0.0719504,-0.6253828,1.221182,-0.4981396,-0.0557044,-0.0456
420,0.0616348,-0.5157868,0.9919628,-0.3782168,-0.0476504,-0.0391304,0.0666884,-0.6219576,1.2145424,-0.4948716,-0.0516416,-0.0422544
421,0.0558268,-0.5171352,0.993994,-0.37885,-0.0431504,-0.0354568,0.0607224,-0.6170348,1.204718,-0.4899112,-0.0470344,-0.038462
422,0.0494464,-0.5194496,0.9979816,-0.3804748,-0.0382084,-0.0314188,0.0541356,-0.6107796,1.1920912,-0.4834772,-0.0419464,-0.0342752
423,0.0425616,-0.5230632,1.004666,-0.3835004,-0.0328768,-0.0270596,0.0470196,-0.6035124,1.1773512,-0.4759388,-0.0364488,-0.0297528
424,0.0352432,-0.5280796,1.0143108,-0.3880892,-0.0272112,-0.0224236,0.0394804,-0.5956868,1.1614552,-0.4678024,-0.0306232,-0.024962
425,0.0275688,-0.5344168,1.0267944,-0.3942032,-0.0212712,-0.0175596,0.031636,-0.5878452,1.1455388,-0.4596632,-0.0245612,-0.019978
426,0.0196236,-0.5417804,1.0415144,-0.4015344,-0.0151232,-0.0125224,0.0235784,-0.5801096,1.1298348,-0.4516352,-0.0183332,-0.0148596
427,0.011506,-0.5497084,1.0575012,-0.4095752,-0.0088428,-0.007374,0.0153884,-0.5724428,1.1142324,-0.4436444,-0.0120024,-0.0096584
428,0.0033228,-0.5576724,1.0736388,-0.4177368,-0.0025128,-0.0021824,0.0071476,-0.5647952,1.0985908,-0.4356004,-0.0056308,-0.004426
429,-0.0048428,-0.565574,1.089724,-0.4259136,0.0038024,0.0029996,-0.001066,-0.5571668,1.0829056,-0.4274988,0.000720800000000001,0.000787599999999999
430,-0.0129132,-0.5733992,1.1057312,-0.4340944,0.0100428,0.008122,-0.0091748,-0.549568,1.0671996,-0.4193536,0.006992,0.0059324
431,-0.0208092,-0.5811348,1.1216356,-0.4422676,0.0161476,0.0131352,-0.0170988,-0.542008,1.0514968,-0.4111792,0.0131224,0.0109588
432,-0.0284488,-0.5888016,1.1375,-0.4504744,0.0220528,0.017986,-0.0247404,-0.5347644,1.0363956,-0.403298,0.0190356,0.0158036
433,-0.0357456,-0.5964496,1.1534672,-0.4588064,0.0276924,0.02262,-0.031988,-0.5283732,1.0230492,-0.3963288,0.0246452,0.0203968
434,-0.0426116,-0.6041064,1.1696192,-0.4673188,0.0329984,0.0269816,-0.0387452,-0.5232212,1.0122912,-0.3907188,0.0298768,0.0246764
435,-0.0489376,-0.6114296,1.1852384,-0.475634,0.0378856,0.0310008,-0.0449252,-0.5194988,1.0045132,-0.3866668,0.0346632,0.028588
436,-0.0546084,-0.6178992,1.199212,-0.483158,0.0422656,0.0346048,-0.0504484,-0.5172024,0.9996804,-0.38414,0.038942,0.0320816
437,-0.0595204,-0.6231252,1.2106924,-0.4894316,0.0460584,0.037728,-0.0552388,-0.5161312,0.9973472,-0.382892,0.0426548,0.0351096
438,-0.0636232,-0.6268596,1.2191148,-0.4941388,0.0492244,0.0403384,-0.0592596,-0.5158248,0.9965308,-0.3823984,0.0457728,0.0376488
439,-0.0668572,-0.629034,1.2242776,-0.4971444,0.0517176,0.042398,-0.062454,-0.5156448,0.995878,-0.3819416,0.048252,0.039664
440,-0.0691744,-0.6298588,1.2266084,-0.4986644,0.0535012,0.0438768,-0.0647608,-0.5154984,0.995204,-0.3814276,0.0500444,0.0411164
441,-0.0705408,-0.6298372,1.2271656,-0.4992524,0.0545496,0.0447536,-0.06613,-0.5154536,0.9946848,-0.3809624,0.0511112,0.0419744
442,-0.0709328,-0.6296136,1.2273084,-0.4996216,0.054844,0.0450128,-0.0665276,-0.5155788,0.9945092,-0.3806644,0.0514268,0.0422168
443,-0.0703352,-0.6292728,1.227214,-0.4998632,0.0543728,0.0446452,-0.0659372,-0.5158872,0.9947092,-0.3805516,0.0509776,0.0418332
444,-0.0687544,-0.6288152,1.2268808,-0.4999768,0.0531408,0.043654,-0.0643652,-0.516378,0.9952816,-0.380622,0.0497692,0.040828
445,-0.0662216,-0.6282392,1.2263056,-0.4999604,0.051172,0.0420596,-0.0618424,-0.5170412,0.9962044,-0.3808652,0.0478252,0.03922
446,-0.0627832,-0.6271372,1.2246152,-0.4993508,0.0485036,0.0398908,-0.0584236,-0.5178252,0.9973364,-0.3811936,0.0451884,0.037044
447,-0.0584904,-0.624884,1.2204696,-0.497436,0.0451744,0.0371796,-0.0541788,-0.5186516,0.9984644,-0.3814744,0.0419124,0.0343436
448,-0.0534104,-0.6211532,1.2131636,-0.4938376,0.0412364,0.0339684,-0.049192,-0.519468,0.9994544,-0.3816288,0.0380624,0.0311728
449,-0.0476244,-0.6159188,1.2026668,-0.4885516,0.0367536,0.0303084,-0.0435464,-0.5207392,1.001296,-0.3821832,0.0337028,0.027584
450,-0.0412184,-0.6093736,1.1894144,-0.481822,0.0317924,0.0262536,-0.0373116,-0.52303,1.0052116,-0.3837976,0.0288876,0.0236212
451,-0.0342872,-0.6018592,1.1741404,-0.4740412,0.0264256,0.021864,-0.0305564,-0.5266392,1.0118712,-0.386844,0.0236692,0.0193284
452,-0.0269372,-0.5938496,1.1578436,-0.4657356,0.020736,0.0172068,-0.0233516,-0.5316432,1.0214824,-0.391456,0.0181032,0.0147508
453,-0.019282,-0.5858652,1.1416112,-0.457474,0.014812,0.0123544,-0.0157776,-0.5379344,1.0338664,-0.3975636,0.0122504,0.0099392
454,-0.0114112,-0.577974,1.1255616,-0.449308,0.008722,0.0073628,-0.0079236,-0.5451912,1.04836,-0.4048256,0.0061808,0.00495
455,-0.0034076,-0.5701372,1.1095792,-0.44116,0.0025304,0.0022856,0.000106400000000009,-0.5529316,1.0639516,-0.4127104,-2.5599999999999e-05,-0.000149600000000001
456,0.0046464,-0.5623112,1.093538,-0.4329484,-0.0036984,-0.0028252,0.00820160000000001,-0.5606652,1.0796048,-0.4206704,-0.006284,-0.00529
457,0.0126716,-0.5545032,1.0774512,-0.4246792,-0.009904,-0.0079188,0.0162804,-0.5683352,1.0952052,-0.4286472,-0.0125308,-0.0104184
458,0.0205888,-0.5467252,1.061346,-0.4163684,-0.0160252,-0.0129448,0.0242636,-0.5759296,1.1107312,-0.4366304,-0.0187048,-0.0154848
459,0.0283172,-0.5389904,1.0452556,-0.4080344,-0.0219996,-0.0178524,0.0320708,-0.583438,1.1261636,-0.44461,-0.024744,-0.0204376
460,0.0356628,-0.5316944,1.0300304,-0.4001284,-0.0276776,-0.0225172,0.0395152,-0.5908964,1.141606,-0.4526476,-0.0305044,-0.025158
461,0.042614,-0.52532,1.0167108,-0.3932132,-0.0330496,-0.0269324,0.0466136,-0.59835,1.1571848,-0.4608292,-0.035998,-0.0296568
462,0.0490812,-0.5202324,1.0060828,-0.3877092,-0.0380468,-0.0310408,0.05328,-0.6058108,1.17295,-0.4691912,-0.0411592,-0.0338796
463,0.0550164,-0.5165924,0.9984688,-0.383774,-0.042632,-0.034812,0.0594332,-0.6128772,1.188052,-0.477282,-0.0459248,-0.0377748
464,0.0603476,-0.5143724,0.9937852,-0.3813508,-0.0467492,-0.0382,0.0649648,-0.6190508,1.2014248,-0.4845324,-0.0502108,-0.041274
465,0.0650024,-0.5133396,0.991522,-0.3801588,-0.0503432,-0.0411592,0.0697788,-0.6239648,1.2122652,-0.4905044,-0.0539424,-0.0443164
466,0.0689092,-0.5130064,0.9906364,-0.3796412,-0.0533588,-0.043644,0.0737916,-0.627394,1.2200544,-0.4949024,-0.0570548,-0.0468496
467,0.0719908,-0.5127664,0.989846,-0.3791196,-0.055736,-0.045606,0.0769292,-0.6292996,1.2246564,-0.4976292,-0.0594912,-0.0488272
468,0.0741652,-0.5125924,0.9891068,-0.3785756,-0.0574112,-0.0469928,0.0791272,-0.6299296,1.2265832,-0.498948,-0.0612012,-0.0502092
469,0.0753684,-0.5125536,0.988602,-0.3781208,-0.0583348,-0.047764,0.08034,-0.629824,1.226972,-0.4994548,-0.0621488,-0.0509668
470,0.0755596,-0.5127116,0.9885,-0.3778628,-0.0584748,-0.0478944,0.080538,-0.629572,1.227064,-0.4998008,-0.0623108,-0.0510812
471,0.0747256,-0.5130728,0.9888168,-0.3778104,-0.0578216,-0.0473752,0.0797076,-0.6292108,1.2269364,-0.5000264,-0.0616772,-0.0505444
472,0.072882,-0.5136332,0.9895432,-0.377958,-0.0563872,-0.0462168,0.0778656,-0.6287412,1.2265896,-0.5001312,-0.0602608,-0.0493664
473,0.0700764,-0.51438,0.9906496,-0.3782912,-0.054208,-0.0444488,0.0750592,-0.6281552,1.2260052,-0.500106,-0.058098,-0.0475776
474,0.0663808,-0.5152512,0.9919648,-0.3787032,-0.0513408,-0.0421164,0.0713484,-0.6269496,1.224106,-0.4993788,-0.0552356,-0.0452156
475,0.0618776,-0.5161692,0.9932828,-0.379066,-0.0478488,-0.0392716,0.066794,-0.6245452,1.21965,-0.4972876,-0.0517204,-0.0423188
476,0.0566576,-0.5171108,0.9945328,-0.3793356,-0.0438028,-0.035972,0.0614684,-0.6206592,1.2120248,-0.4935048,-0.0476084,-0.0389328
477,0.050802,-0.5186184,0.996874,-0.38013,-0.0392656,-0.0322684,0.0554516,-0.6153036,1.201286,-0.4880736,-0.042962,-0.0351084
478,0.0443816,-0.5212168,1.0014444,-0.3820648,-0.0342924,-0.0282052,0.04883,-0.6086924,1.1879128,-0.4812596,-0.0378468,-0.0309004
479,0.037466,-0.5251684,1.008838,-0.3854732,-0.0289368,-0.023826,0.0416992,-0.6011864,1.1726748,-0.4734732,-0.0323376,-0.0263688
480,0.030128,-0.5305212,1.0192032,-0.390458,-0.023256,-0.0191772,0.0341692,-0.5932764,1.1566048,-0.4652584,-0.0265192,-0.0215848
481,0.0224596,-0.5371372,1.0322948,-0.396912,-0.0173208,-0.0143172,0.0263648,-0.5854452,1.14071,-0.4571416,-0.0204876,-0.0166272
482,0.0145424,-0.5446664,1.047386,-0.4044596,-0.0111944,-0.0092972,0.0183644,-0.577714,1.1250068,-0.4491196,-0.0143036,-0.011546
483,0.0064776,-0.552604,1.063416,-0.4125432,-0.0049552,-0.0041824,0.0102488,-0.5700388,1.1093672,-0.4411088,-0.00802920000000001,-0.0063924
484,-0.0016316,-0.56051,1.079454,-0.420672,0.00131720000000001,0.000962400000000001,0.002098,-0.5623792,1.0936764,-0.4330364,-0.0017272,-0.001218
485,-0.0096132,-0.5683184,1.0953664,-0.428782,0.00749,0.0060272,-0.0059068,-0.5547396,1.0779404,-0.42491,0.0044636,0.003862
486,-0.017482,-0.5760508,1.1112024,-0.4368964,0.0135744,0.011022,-0.01379,-0.547134,1.0621952,-0.4167456,0.0105616,0.0088632
487,-0.0251616,-0.5836972,1.1269452,-0.4450072,0.0195116,0.0158976,-0.0214748,-0.5395872,1.0464968,-0.4085752,0.0165072,0.0137364
488,-0.0298570833333333,-0.58647125,1.13217333333333,-0.447434583333333,0.023145,0.0188741666666667,-0.02634125,-0.53315375,1.03293291666667,-0.401399583333333,0.02027125,0.01682375
489,-0.0347126086956522,-0.589513043478261,1.13799782608696,-0.450198260869565,0.0269017391304348,0.0219521739130435,-0.0313121739130435,-0.527176086956522,1.02030260869565,-0.394712173913044,0.0241169565217391,0.0199760869565217
490,-0.0396963636363636,-0.592881818181818,1.14457772727273,-0.453400909090909,0.0307577272727273,0.0251118181818182,-0.03634,-0.522092727272727,1.00954863636364,-0.389019545454546,0.0280072727272727,0.0231631818181818
491,-0.0447695238095238,-0.596621904761905,1.15203666666667,-0.457123809523809,0.0346828571428571,0.0283280952380952,-0.0413819047619048,-0.518237619047619,1.00138857142857,-0.384707619047619,0.0319090476190476,0.0263580952380952
492,-0.049883,-0.600761,1.1604535,-0.46142,0.038639,0.0315705,-0.0463955,-0.515777,0.9961845,-0.3819735,0.0357895,0.029534
493,-0.0549763157894737,-0.605309473684211,1.16985052631579,-0.466303684210526,0.0425789473684211,0.0348,-0.0513347368421053,-0.514603157894737,0.993721052631579,-0.380709473684211,0.0396131578947368,0.0326626315789474
494,-0.0599877777777778,-0.610261666666667,1.18018611111111,-0.471739444444444,0.046455,0.0379783333333333,-0.0561555555555555,-0.514193888888889,0.992904444444444,-0.380344444444444,0.043345,0.0357161111111111
495,-0.0648582352941176,-0.615622941176471,1.19142823529412,-0.477688823529412,0.0502211764705882,0.0410682352941177,-0.06081,-0.513837058823529,0.992241176470588,-0.380095882352941,0.0469476470588235,0.0386641176470588
496,-0.069533125,-0.6214825,1.203769375,-0.48425375,0.053835,0.044035,-0.065239375,-0.513508125,0.99168875,-0.37994375,0.05037625,0.04147
497,-0.0739633333333333,-0.627963333333333,1.21748,-0.491579333333333,0.0572593333333333,0.0468486666666667,-0.0693913333333333,-0.513238666666667,0.991324,-0.379931333333333,0.05359,0.0441006666666667
498,-0.07811,-0.635227142857143,1.23291428571429,-0.499855,0.0604628571428571,0.0494842857142857,-0.0732214285714286,-0.513066428571429,0.99124,-0.38011,0.0565542857142857,0.0465278571428571
499,-0.0819469230769231,-0.643486923076923,1.25053615384615,-0.509327692307692,0.0634261538461538,0.0519246153846154,-0.0766953846153846,-0.513034615384615,0.991544615384615,-0.380540769230769,0.0592430769230769,0.04873
