Frame_Index,leg_left_ankle_roll_joint,leg_left_ankle_pitch_joint,leg_left_knee_pitch_joint,leg_left_hip_pitch_joint,leg_left_hip_yaw_joint,leg_left_hip_roll_joint,leg_right_ankle_roll_joint,leg_right_ankle_pitch_joint,leg_right_knee_pitch_joint,leg_right_hip_pitch_joint,leg_right_hip_yaw_joint,leg_right_hip_roll_joint
0,0.00674,-0.51971,0.99549,-0.37632,-0.00522,-0.00427,0.00674,-0.52176,0.99968,-0.37846,-0.00522,-0.00428
1,0.00669,-0.51972,0.99551,-0.37633,-0.00518,-0.00424,0.00669,-0.52175,0.99967,-0.37845,-0.00518,-0.00425
2,0.00659,-0.51973,0.99554,-0.37635,-0.0051,-0.00418,0.00659,-0.52174,0.99964,-0.37844,-0.00511,-0.00418
3,0.00644,-0.51976,0.9956,-0.37637,-0.00499,-0.00408,0.00644,-0.52172,0.9996,-0.37841,-0.00499,-0.00409
4,0.00625,-0.51979,0.99566,-0.37641,-0.00483,-0.00396,0.00625,-0.52169,0.99955,-0.37839,-0.00484,-0.00396
5,0.006,-0.51983,0.99575,-0.37645,-0.00465,-0.0038,0.006,-0.52165,0.99948,-0.37835,-0.00465,-0.00381
6,0.00572,-0.51988,0.99584,-0.3765,-0.00443,-0.00362,0.00572,-0.52162,0.9994,-0.37831,-0.00443,-0.00363
7,0.00539,-0.51993,0.99595,-0.37655,-0.00417,-0.00341,0.00539,-0.52157,0.9993,-0.37826,-0.00417,-0.00342
8,0.00502,-0.51999,0.99608,-0.37662,-0.00388,-0.00318,0.00502,-0.52152,0.9992,-0.37821,-0.00389,-0.00318
9,0.0046,-0.52006,0.99622,-0.37669,-0.00356,-0.00292,0.0046,-0.52146,0.99908,-0.37814,-0.00356,-0.00292
10,0.00414,-0.52013,0.99637,-0.37676,-0.00321,-0.00262,0.00414,-0.52139,0.99894,-0.37807,-0.00321,-0.00263
11,0.00361,-0.52022,0.99654,-0.37685,-0.00279,-0.00229,0.00361,-0.52132,0.99879,-0.37799,-0.0028,-0.00229
12,0.00305,-0.52031,0.99673,-0.37694,-0.00236,-0.00193,0.00305,-0.52124,0.99862,-0.37791,-0.00236,-0.00194
13,0.00244,-0.52041,0.99692,-0.37704,-0.00189,-0.00155,0.00244,-0.52115,0.99844,-0.37782,-0.00189,-0.00155
14,0.00177,-0.52051,0.99714,-0.37715,-0.00137,-0.00112,0.00177,-0.52105,0.99824,-0.37771,-0.00137,-0.00113
15,0.00105,-0.52062,0.99737,-0.37727,-0.00081,-0.00066,0.00105,-0.52094,0.99802,-0.3776,-0.00081,-0.00067
16,0.00025,-0.52074,0.99762,-0.3774,-0.0002,-0.00016,0.00025,-0.52082,0.99778,-0.37748,-0.0002,-0.00017
17,-0.00061,-0.52088,0.99788,-0.37753,0.00047,0.00038,-0.00061,-0.52069,0.99751,-0.37734,0.00047,0.00038
18,-0.00155,-0.52102,0.99817,-0.37768,0.0012,0.00098,-0.00155,-0.52054,0.99721,-0.37719,0.00119,0.00097
19,-0.00257,-0.52117,0.99848,-0.37784,0.00199,0.00163,-0.00257,-0.52038,0.99689,-0.37702,0.00199,0.00162
20,-0.00369,-0.52133,0.99881,-0.37801,0.00286,0.00234,-0.00369,-0.52021,0.99652,-0.37684,0.00285,0.00233
21,-0.00491,-0.5215,0.99916,-0.37819,0.0038,0.00311,-0.00491,-0.52001,0.99612,-0.37663,0.0038,0.0031
22,-0.00624,-0.52169,0.99954,-0.37838,0.00483,0.00395,-0.00624,-0.51979,0.99567,-0.37641,0.00483,0.00395
23,-0.00778,-0.5219,0.99996,-0.37861,0.00602,0.00492,-0.00777,-0.51953,0.99514,-0.37614,0.00601,0.00492
24,-0.00937,-0.52211,1.00039,-0.37883,0.00725,0.00594,-0.00937,-0.51926,0.99458,-0.37586,0.00725,0.00593
25,-0.01112,-0.52234,1.00085,-0.37907,0.0086,0.00704,-0.01111,-0.51895,0.99396,-0.37555,0.0086,0.00703
26,-0.01303,-0.52257,1.00133,-0.37933,0.01008,0.00825,-0.01302,-0.51861,0.99325,-0.3752,0.01007,0.00824
27,-0.01513,-0.52283,1.00184,-0.3796,0.0117,0.00958,-0.01511,-0.51823,0.99246,-0.37481,0.01169,0.00957
28,-0.01742,-0.52309,1.00238,-0.37989,0.01348,0.01103,-0.0174,-0.51779,0.99157,-0.37437,0.01346,0.01102
29,-0.01994,-0.52337,1.00294,-0.38019,0.01542,0.01263,-0.01991,-0.51731,0.99057,-0.37388,0.0154,0.01261
30,-0.02269,-0.52366,1.00352,-0.38051,0.01756,0.01437,-0.02266,-0.51676,0.98943,-0.37332,0.01753,0.01435
31,-0.02571,-0.52395,1.00411,-0.38084,0.01989,0.01629,-0.02567,-0.51613,0.98815,-0.3727,0.01986,0.01625
32,-0.02902,-0.52426,1.00471,-0.38118,0.02246,0.01839,-0.02897,-0.51543,0.98669,-0.37199,0.02241,0.01835
33,-0.03266,-0.52456,1.00531,-0.38153,0.02527,0.02069,-0.03259,-0.51462,0.98502,-0.37118,0.02522,0.02064
34,-0.03665,-0.52486,1.00589,-0.38189,0.02835,0.02322,-0.03656,-0.5137,0.98312,-0.37027,0.02829,0.02316
35,-0.04102,-0.52515,1.00645,-0.38224,0.03174,0.02599,-0.04092,-0.51265,0.98094,-0.36922,0.03166,0.02592
36,-0.04583,-0.52542,1.00696,-0.38259,0.03546,0.02904,-0.0457,-0.51145,0.97845,-0.36803,0.03535,0.02895
37,-0.0511,-0.52566,1.0074,-0.38291,0.03953,0.03238,-0.05094,-0.51006,0.97557,-0.36667,0.03941,0.03227
38,-0.05689,-0.52585,1.00773,-0.38321,0.04401,0.03605,-0.05669,-0.50847,0.97226,-0.3651,0.04385,0.03592
39,-0.06323,-0.52597,1.00792,-0.38345,0.04892,0.04008,-0.06299,-0.50663,0.96843,-0.3633,0.04872,0.03992
40,-0.07018,-0.52601,1.00791,-0.38363,0.05429,0.04449,-0.06988,-0.5045,0.964,-0.36122,0.05405,0.0443
41,-0.0777,-0.52593,1.00764,-0.38372,0.0601,0.04927,-0.07733,-0.50207,0.95893,-0.35885,0.05981,0.04903
42,-0.08539,-0.52572,1.00709,-0.38369,0.06604,0.05416,-0.08494,-0.49943,0.95344,-0.35629,0.0657,0.05387
43,-0.09276,-0.52539,1.00631,-0.38355,0.07174,0.05885,-0.09223,-0.49677,0.94787,-0.35371,0.07133,0.05851
44,-0.09972,-0.53216,1.02059,-0.39139,0.07712,0.06329,-0.09885,-0.49486,0.94442,-0.35248,0.07644,0.06272
45,-0.10654,-0.55093,1.06037,-0.41276,0.08238,0.06763,-0.10478,-0.49424,0.94459,-0.35356,0.08102,0.0665
46,-0.11322,-0.57788,1.11756,-0.44336,0.08754,0.0719,-0.11007,-0.49472,0.94763,-0.35641,0.0851,0.06988
47,-0.11974,-0.6094,1.18454,-0.47919,0.09257,0.07606,-0.11474,-0.49605,0.95277,-0.36048,0.08871,0.07286
48,-0.12632,-0.64411,1.25836,-0.5187,0.09764,0.08026,-0.11902,-0.49811,0.95961,-0.36551,0.09201,0.07559
49,-0.13248,-0.67764,1.32978,-0.55698,0.1024,0.08421,-0.12267,-0.50052,0.96707,-0.37077,0.09483,0.07792
50,-0.13803,-0.70764,1.39378,-0.59135,0.10668,0.08776,-0.1257,-0.50295,0.97428,-0.37573,0.09717,0.07986
51,-0.14272,-0.73207,1.44597,-0.61945,0.11029,0.09076,-0.12812,-0.50509,0.98043,-0.3799,0.09904,0.08141
52,-0.14623,-0.74903,1.48228,-0.63904,0.11299,0.09302,-0.12993,-0.50658,0.98472,-0.38281,0.10043,0.08257
53,-0.14827,-0.75662,1.49852,-0.64784,0.11456,0.09432,-0.13111,-0.5071,0.98633,-0.38397,0.10134,0.08332
54,-0.14894,-0.75678,1.49886,-0.64807,0.11508,0.09476,-0.13169,-0.50688,0.98586,-0.38377,0.10178,0.08369
55,-0.14899,-0.75678,1.49885,-0.64807,0.11512,0.09479,-0.13173,-0.50686,0.98582,-0.38375,0.10182,0.08372
56,-0.14844,-0.75683,1.49897,-0.64809,0.1147,0.09444,-0.13125,-0.50707,0.98628,-0.38396,0.10144,0.08341
57,-0.14729,-0.75694,1.49921,-0.64813,0.11381,0.09369,-0.13023,-0.50753,0.98723,-0.38439,0.10066,0.08276
58,-0.14551,-0.7571,1.49957,-0.6482,0.11244,0.09255,-0.12867,-0.50822,0.98868,-0.38505,0.09946,0.08176
59,-0.14309,-0.75732,1.50004,-0.64829,0.11058,0.091,-0.12655,-0.50916,0.99064,-0.38594,0.09782,0.0804
60,-0.14002,-0.75758,1.50062,-0.64839,0.10821,0.08903,-0.12384,-0.51033,0.99309,-0.38705,0.09573,0.07867
61,-0.13625,-0.75789,1.50129,-0.6485,0.1053,0.08662,-0.12052,-0.51173,0.99604,-0.38839,0.09317,0.07655
62,-0.13171,-0.7579,1.50135,-0.64824,0.1018,0.08371,-0.11656,-0.51334,0.99937,-0.38989,0.09011,0.07402
63,-0.12573,-0.75017,1.48482,-0.63906,0.09719,0.07989,-0.11185,-0.51416,1.00054,-0.38998,0.08648,0.07101
64,-0.11827,-0.7331,1.44833,-0.6192,0.09143,0.07512,-0.10634,-0.51404,0.9991,-0.38836,0.08223,0.0675
65,-0.10961,-0.70859,1.39601,-0.5909,0.08475,0.06959,-0.10002,-0.5133,0.99584,-0.38552,0.07734,0.06347
66,-0.10003,-0.67852,1.33193,-0.55639,0.07735,0.06348,-0.09283,-0.51226,0.99153,-0.38191,0.07179,0.05889
67,-0.08971,-0.64492,1.26043,-0.51801,0.06938,0.05691,-0.08474,-0.51124,0.98697,-0.37801,0.06554,0.05375
68,-0.07876,-0.61011,1.18646,-0.4784,0.06092,0.04995,-0.0757,-0.51054,0.98292,-0.37431,0.05855,0.04799
69,-0.06724,-0.57692,1.11604,-0.44076,0.05201,0.04262,-0.06561,-0.51042,0.98018,-0.37134,0.05076,0.04159
70,-0.05515,-0.54884,1.05654,-0.40897,0.04267,0.03495,-0.05448,-0.51109,0.97944,-0.3696,0.04214,0.03452
71,-0.04264,-0.53002,1.01671,-0.38766,0.03299,0.02701,-0.04245,-0.51269,0.98134,-0.36961,0.03284,0.02689
72,-0.02977,-0.52435,1.00483,-0.38122,0.02303,0.01886,-0.02971,-0.51529,0.98634,-0.37179,0.02299,0.01882
73,-0.01645,-0.52301,1.00215,-0.37973,0.01273,0.01042,-0.01643,-0.51801,0.99194,-0.37452,0.01271,0.0104
74,-0.00282,-0.52124,0.99854,-0.37783,0.00218,0.00178,-0.00282,-0.52038,0.9968,-0.37694,0.00218,0.00178
75,0.01092,-0.51903,0.99401,-0.37553,-0.00845,-0.00692,0.01092,-0.52235,1.00079,-0.37899,-0.00846,-0.00693
76,0.02454,-0.51642,0.98862,-0.37287,-0.01899,-0.01555,0.02458,-0.52389,1.00388,-0.38066,-0.01902,-0.01557
77,0.03784,-0.51345,0.98247,-0.3699,-0.02928,-0.02397,0.03793,-0.525,1.00606,-0.38193,-0.02935,-0.02404
78,0.0506,-0.51021,0.97574,-0.36668,-0.03915,-0.03207,0.05076,-0.5257,1.00736,-0.38281,-0.03928,-0.03217
79,0.06263,-0.5068,0.96863,-0.36331,-0.04846,-0.0397,0.06287,-0.52604,1.0079,-0.38335,-0.04864,-0.03986
80,0.07373,-0.50334,0.96139,-0.35991,-0.05704,-0.04675,0.07407,-0.52606,1.00778,-0.38359,-0.0573,-0.04697
81,0.08374,-0.50026,0.95521,-0.3572,-0.06477,-0.05311,0.08429,-0.52942,1.01476,-0.38761,-0.0652,-0.05347
82,0.09268,-0.49853,0.95289,-0.35699,-0.07168,-0.05881,0.09396,-0.54606,1.05004,-0.40666,-0.07267,-0.05962
83,0.10066,-0.49805,0.9539,-0.35886,-0.07784,-0.06389,0.10323,-0.57267,1.10656,-0.43702,-0.07984,-0.06553
84,0.10773,-0.49857,0.95741,-0.36222,-0.0833,-0.0684,0.11213,-0.605,1.17536,-0.47397,-0.08671,-0.0712
85,0.11396,-0.49983,0.96258,-0.36647,-0.08811,-0.07237,0.12063,-0.63944,1.24878,-0.51344,-0.09327,-0.07662
86,0.11938,-0.50153,0.96856,-0.37106,-0.09229,-0.07584,0.12861,-0.67304,1.32058,-0.55213,-0.09943,-0.08172
87,0.12403,-0.50334,0.97451,-0.37548,-0.09587,-0.07881,0.1359,-0.70339,1.38563,-0.5873,-0.10506,-0.08638
88,0.12792,-0.50494,0.97961,-0.37922,-0.09887,-0.08131,0.14226,-0.72843,1.43948,-0.61656,-0.10996,-0.09044
89,0.13107,-0.506,0.98305,-0.3818,-0.1013,-0.08332,0.14738,-0.74626,1.47803,-0.63764,-0.11392,-0.09373
90,0.13348,-0.50617,0.98402,-0.38276,-0.10315,-0.08487,0.15096,-0.75499,1.49715,-0.6483,-0.11668,-0.09601
91,0.13517,-0.50551,0.98266,-0.38217,-0.10445,-0.08595,0.15295,-0.75528,1.4982,-0.64921,-0.11822,-0.09728
92,0.13622,-0.50504,0.98167,-0.38171,-0.10526,-0.08663,0.15415,-0.75496,1.49796,-0.64938,-0.11915,-0.09805
93,0.13666,-0.50486,0.98126,-0.38152,-0.10559,-0.08692,0.15466,-0.75471,1.49788,-0.64958,-0.11955,-0.09836
94,0.13648,-0.50497,0.98145,-0.38159,-0.10545,-0.08681,0.15447,-0.75453,1.49795,-0.64982,-0.11941,-0.09823
95,0.1357,-0.50536,0.98222,-0.38192,-0.10484,-0.08631,0.15358,-0.75443,1.49818,-0.65009,-0.11873,-0.09765
96,0.13429,-0.50603,0.98359,-0.38252,-0.10376,-0.08541,0.15199,-0.7544,1.49856,-0.65038,-0.11751,-0.09662
97,0.13225,-0.507,0.98555,-0.38338,-0.10218,-0.08411,0.14967,-0.75445,1.49909,-0.65069,-0.11573,-0.09513
98,0.12955,-0.50825,0.9881,-0.3845,-0.10009,-0.08239,0.1466,-0.75457,1.49975,-0.651,-0.11338,-0.09315
99,0.12616,-0.50978,0.99121,-0.38587,-0.09748,-0.08023,0.14276,-0.75471,1.50043,-0.65126,-0.11042,-0.09068
100,0.122,-0.51072,0.99264,-0.3861,-0.09426,-0.07757,0.13747,-0.74839,1.48719,-0.64398,-0.10635,-0.08728
101,0.12085,-0.50909,0.98803,-0.38306,-0.09337,-0.07685,0.13486,-0.73216,1.45266,-0.6255,-0.10434,-0.0856
102,0.11614,-0.50803,0.98404,-0.37985,-0.08973,-0.07384,0.12779,-0.70859,1.40237,-0.59833,-0.0989,-0.08108
103,0.11066,-0.50666,0.97894,-0.37581,-0.0855,-0.07035,0.11977,-0.67926,1.33981,-0.5646,-0.09271,-0.07594
104,0.10438,-0.50531,0.97354,-0.37143,-0.08065,-0.06635,0.11101,-0.64619,1.26929,-0.52666,-0.08596,-0.07035
105,0.09724,-0.5043,0.96867,-0.36722,-0.07512,-0.0618,0.10166,-0.61166,1.19572,-0.48712,-0.07874,-0.06438
106,0.08915,-0.50394,0.96519,-0.36372,-0.06888,-0.05666,0.09179,-0.57845,1.12498,-0.44913,-0.07112,-0.0581
107,0.08007,-0.50449,0.96389,-0.3615,-0.06185,-0.05088,0.08143,-0.54997,1.06433,-0.41651,-0.06311,-0.0515
108,0.07,-0.50616,0.96553,-0.36109,-0.05407,-0.04449,0.07061,-0.5303,1.02238,-0.39383,-0.05474,-0.04463
109,0.05898,-0.50908,0.97076,-0.36306,-0.04554,-0.0375,0.05932,-0.52373,1.00825,-0.3859,-0.04601,-0.03746
110,0.04703,-0.51252,0.97755,-0.36609,-0.0363,-0.02992,0.04729,-0.52347,1.00747,-0.38507,-0.03671,-0.02983
111,0.03428,-0.51581,0.98399,-0.36899,-0.02643,-0.02184,0.03448,-0.52283,1.0059,-0.38388,-0.02679,-0.02171
112,0.02091,-0.51885,0.98987,-0.37166,-0.01609,-0.01337,0.02106,-0.52178,1.00344,-0.3823,-0.01641,-0.01321
113,0.00713,-0.52154,0.99503,-0.37402,-0.00542,-0.00464,0.00725,-0.52027,1.00003,-0.38029,-0.00572,-0.00447
114,-0.0068,-0.52383,0.9993,-0.37601,0.00536,0.00418,-0.00668,-0.51832,0.99568,-0.37788,0.00506,0.00435
115,-0.02058,-0.52566,1.00263,-0.3776,0.01603,0.01291,-0.02044,-0.51596,0.99046,-0.37511,0.01571,0.01307
116,-0.03392,-0.52703,1.00501,-0.37878,0.02635,0.02136,-0.03373,-0.51327,0.98453,-0.37206,0.02599,0.02149
117,-0.04648,-0.52797,1.00648,-0.37957,0.03606,0.02932,-0.04623,-0.51036,0.97817,-0.36885,0.03566,0.02941
118,-0.05797,-0.53075,1.0119,-0.38251,0.04495,0.03662,-0.0576,-0.50757,0.97224,-0.36599,0.04446,0.03663
119,-0.06864,-0.54621,1.04437,-0.39985,0.0532,0.04339,-0.06778,-0.50596,0.96978,-0.36546,0.05232,0.04309
120,-0.07868,-0.57212,1.09916,-0.42908,0.06096,0.04978,-0.07685,-0.50551,0.97057,-0.36703,0.05934,0.04885
121,-0.08819,-0.60422,1.16724,-0.46545,0.0683,0.05583,-0.08492,-0.50602,0.97384,-0.37011,0.06558,0.05398
122,-0.09718,-0.63881,1.24079,-0.50483,0.07524,0.06157,-0.09205,-0.50724,0.97878,-0.37413,0.07109,0.05851
123,-0.1056,-0.67287,1.31343,-0.54383,0.08173,0.06694,-0.09828,-0.5089,0.98456,-0.37855,0.07591,0.06248
124,-0.11331,-0.70392,1.37991,-0.57968,0.08767,0.07187,-0.10368,-0.51069,0.99038,-0.38285,0.08008,0.06591
125,-0.12012,-0.72988,1.43577,-0.60996,0.09292,0.07623,-0.10825,-0.51229,0.99544,-0.38654,0.08362,0.06882
126,-0.12577,-0.74884,1.47687,-0.63244,0.09727,0.07986,-0.11203,-0.51339,0.99896,-0.38917,0.08654,0.07122
127,-0.12999,-0.75891,1.49911,-0.64489,0.1005,0.08257,-0.11503,-0.51365,1.00012,-0.39024,0.08886,0.07313
128,-0.13262,-0.75972,1.50165,-0.64679,0.10252,0.08427,-0.11726,-0.51297,0.99872,-0.38964,0.09059,0.07454
129,-0.13436,-0.75921,1.50142,-0.64718,0.10385,0.08541,-0.1188,-0.51239,0.99741,-0.38901,0.09179,0.07552
130,-0.13536,-0.75874,1.50132,-0.64761,0.1046,0.08606,-0.11968,-0.51208,0.99668,-0.38864,0.09248,0.07608
131,-0.13562,-0.75831,1.50134,-0.64807,0.10479,0.08624,-0.11992,-0.51203,0.99651,-0.38853,0.09266,0.07622
132,-0.13514,-0.75794,1.50148,-0.64856,0.10441,0.08595,-0.11951,-0.51225,0.99691,-0.38868,0.09235,0.07594
133,-0.13392,-0.75763,1.50175,-0.64906,0.10346,0.08519,-0.11845,-0.51275,0.99787,-0.38909,0.09154,0.07526
134,-0.13195,-0.75737,1.50213,-0.64956,0.10192,0.08395,-0.11672,-0.51351,0.9994,-0.38975,0.09022,0.07415
135,-0.12921,-0.75718,1.50261,-0.65006,0.0998,0.08221,-0.11432,-0.51455,1.00148,-0.39066,0.08837,0.0726
136,-0.12567,-0.75705,1.50319,-0.65054,0.09705,0.07996,-0.11121,-0.51586,1.00411,-0.39181,0.08598,0.07061
137,-0.12087,-0.75193,1.493,-0.64518,0.09334,0.0769,-0.10732,-0.51677,1.00556,-0.39214,0.08299,0.06812
138,-0.11446,-0.73697,1.46164,-0.62841,0.08839,0.07282,-0.10259,-0.51668,1.00422,-0.39065,0.07935,0.06509
139,-0.10675,-0.71411,1.41331,-0.60252,0.08242,0.06791,-0.097,-0.51591,1.00088,-0.38781,0.07504,0.06152
140,-0.09798,-0.68522,1.35205,-0.5697,0.07564,0.06233,-0.09051,-0.51478,0.99631,-0.38407,0.07003,0.05738
141,-0.08836,-0.65225,1.28208,-0.53226,0.06821,0.05622,-0.08309,-0.5136,0.99128,-0.3799,0.06431,0.05265
142,-0.07805,-0.61743,1.20813,-0.49271,0.06023,0.04966,-0.07469,-0.51268,0.98658,-0.37579,0.05782,0.04729
143,-0.06708,-0.58342,1.13588,-0.45409,0.05176,0.0427,-0.06524,-0.51229,0.98297,-0.37224,0.05052,0.04128
144,-0.05549,-0.55349,1.07228,-0.42007,0.04279,0.03534,-0.05468,-0.51268,0.9812,-0.36978,0.04237,0.03457
145,-0.04338,-0.53161,1.02572,-0.39509,0.03343,0.02765,-0.04315,-0.51398,0.98192,-0.36891,0.03346,0.02725
146,-0.03086,-0.52217,1.00549,-0.38407,0.02375,0.01971,-0.03084,-0.51633,0.98572,-0.37015,0.02393,0.01944
147,-0.0179,-0.52105,1.00286,-0.38241,0.01372,0.01149,-0.01791,-0.51917,0.99119,-0.37262,0.01394,0.01124
148,-0.00454,-0.51952,0.99937,-0.38038,0.00339,0.00302,-0.00457,-0.52171,0.99599,-0.37481,0.00362,0.00278
149,0.009,-0.51757,0.99497,-0.37795,-0.00708,-0.00556,0.00897,-0.52387,1.0,-0.37667,-0.00686,-0.0058
150,0.0225,-0.51521,0.9897,-0.37515,-0.01753,-0.01412,0.0225,-0.52562,1.00313,-0.37815,-0.01732,-0.01438
151,0.03576,-0.51248,0.98366,-0.37202,-0.02778,-0.02252,0.0358,-0.52694,1.00537,-0.37926,-0.02761,-0.02281
152,0.04854,-0.50946,0.977,-0.36865,-0.03767,-0.03063,0.04866,-0.52786,1.00675,-0.37999,-0.03755,-0.03096
153,0.06066,-0.50623,0.96991,-0.36511,-0.04704,-0.03832,0.06086,-0.52839,1.00735,-0.38038,-0.04698,-0.03871
154,0.07192,-0.50291,0.96264,-0.36153,-0.05574,-0.04547,0.07221,-0.5286,1.00729,-0.38048,-0.05576,-0.04592
155,0.08213,-0.49972,0.95575,-0.35821,-0.06363,-0.05197,0.08255,-0.52973,1.00922,-0.38168,-0.06375,-0.05249
156,0.09127,-0.49773,0.95231,-0.35715,-0.07069,-0.05778,0.09226,-0.54282,1.03665,-0.39643,-0.07126,-0.05867
157,0.09942,-0.49702,0.95244,-0.35838,-0.07699,-0.06297,0.10156,-0.56713,1.08803,-0.42395,-0.07844,-0.06458
158,0.10666,-0.49738,0.95532,-0.36127,-0.08257,-0.06759,0.11049,-0.59832,1.15417,-0.45936,-0.08534,-0.07027
159,0.11305,-0.49854,0.96011,-0.36524,-0.0875,-0.07167,0.11904,-0.63256,1.22698,-0.49842,-0.09195,-0.07573
160,0.11862,-0.50023,0.96595,-0.36972,-0.0918,-0.07524,0.12712,-0.66672,1.29983,-0.5376,-0.09819,-0.08088
161,0.12343,-0.50211,0.97201,-0.37418,-0.09551,-0.07831,0.13458,-0.69825,1.36731,-0.57404,-0.10395,-0.08564
162,0.12748,-0.50387,0.97746,-0.37812,-0.09863,-0.08091,0.14118,-0.72499,1.42482,-0.60525,-0.10905,-0.08985
163,0.13079,-0.50518,0.98149,-0.38105,-0.10117,-0.08303,0.14664,-0.74501,1.46819,-0.62899,-0.11327,-0.09334
164,0.13336,-0.5057,0.98329,-0.3825,-0.10315,-0.08469,0.15065,-0.75644,1.49333,-0.643,-0.11637,-0.0959
165,0.1352,-0.50522,0.98236,-0.38217,-0.10456,-0.08587,0.15296,-0.75812,1.49774,-0.6459,-0.11816,-0.09736
166,0.13639,-0.50471,0.98124,-0.38163,-0.10547,-0.08664,0.15432,-0.7576,1.4975,-0.64628,-0.11923,-0.09822
167,0.13697,-0.50449,0.98071,-0.38137,-0.10591,-0.08702,0.15499,-0.75714,1.49741,-0.64671,-0.11975,-0.09864
168,0.13694,-0.50455,0.98078,-0.38137,-0.10588,-0.08701,0.15496,-0.75674,1.49748,-0.64718,-0.11975,-0.0986
169,0.1363,-0.5049,0.98144,-0.38165,-0.10538,-0.08661,0.15424,-0.7564,1.49771,-0.64769,-0.11921,-0.09812
170,0.13504,-0.50552,0.98269,-0.38219,-0.1044,-0.08582,0.15282,-0.75614,1.49809,-0.64823,-0.11813,-0.09719
171,0.13316,-0.50643,0.98453,-0.38299,-0.10294,-0.08462,0.15069,-0.75596,1.49862,-0.64878,-0.1165,-0.09581
172,0.13063,-0.50762,0.98696,-0.38406,-0.10098,-0.08301,0.14782,-0.75584,1.49929,-0.64935,-0.1143,-0.09395
173,0.12742,-0.5091,0.98997,-0.38539,-0.0985,-0.08097,0.14418,-0.75581,1.50008,-0.64991,-0.11151,-0.0916
174,0.12348,-0.51036,0.99228,-0.38619,-0.09545,-0.07846,0.13938,-0.75217,1.49308,-0.64622,-0.10782,-0.08851
175,0.11871,-0.51061,0.99177,-0.38514,-0.09176,-0.07542,0.13287,-0.73862,1.46476,-0.63101,-0.10281,-0.08433
176,0.11309,-0.51014,0.98915,-0.38267,-0.08742,-0.07184,0.12494,-0.71691,1.4189,-0.60636,-0.09671,-0.07925
177,0.10659,-0.50928,0.98523,-0.37926,-0.0824,-0.06771,0.1159,-0.68892,1.35957,-0.57448,-0.08973,-0.07346
178,0.09919,-0.50835,0.98078,-0.37537,-0.07667,-0.063,0.10598,-0.65659,1.29096,-0.53766,-0.08209,-0.06713
179,0.09083,-0.50765,0.9766,-0.37149,-0.0702,-0.05768,0.09538,-0.62209,1.21772,-0.49839,-0.0739,-0.06036
180,0.08145,-0.50749,0.97347,-0.36813,-0.06295,-0.05172,0.08416,-0.58803,1.14538,-0.45962,-0.06524,-0.05322
181,0.07098,-0.50811,0.97217,-0.36582,-0.05485,-0.04508,0.07238,-0.55759,1.08072,-0.42494,-0.05613,-0.04573
182,0.05953,-0.50967,0.97334,-0.36506,-0.04599,-0.03782,0.06012,-0.53466,1.03194,-0.39869,-0.04666,-0.03795
183,0.04728,-0.51228,0.97757,-0.36636,-0.03651,-0.03005,0.04754,-0.52358,1.00824,-0.38575,-0.03692,-0.02997
184,0.0344,-0.51558,0.98401,-0.36924,-0.02654,-0.02189,0.03459,-0.52262,1.00599,-0.38418,-0.0269,-0.02176
185,0.02106,-0.51862,0.98988,-0.3719,-0.01621,-0.01345,0.02121,-0.52158,1.00354,-0.3826,-0.01654,-0.01329
186,0.00749,-0.52128,0.99497,-0.37422,-0.00571,-0.00485,0.00761,-0.52011,1.0002,-0.38062,-0.00601,-0.00468
187,-0.00611,-0.52354,0.99918,-0.37618,0.00482,0.00375,-0.00599,-0.51824,0.99598,-0.37827,0.00452,0.00393
188,-0.01952,-0.52536,1.00247,-0.37773,0.0152,0.01224,-0.01938,-0.51598,0.99095,-0.37558,0.01488,0.0124
189,-0.03253,-0.52674,1.00486,-0.3789,0.02527,0.02048,-0.03234,-0.5134,0.98525,-0.37262,0.02491,0.02061
190,-0.04491,-0.52772,1.00639,-0.3797,0.03485,0.02833,-0.04467,-0.51059,0.97906,-0.36948,0.03445,0.02842
191,-0.05648,-0.52833,1.00718,-0.38016,0.0438,0.03567,-0.05616,-0.50764,0.97259,-0.36624,0.04334,0.03571
192,-0.06655,-0.52892,1.00798,-0.38068,0.05158,0.04206,-0.06615,-0.50484,0.96647,-0.36323,0.05107,0.04206
193,-0.0759,-0.53883,1.02867,-0.39178,0.05882,0.04801,-0.07514,-0.50293,0.96298,-0.36195,0.05802,0.04777
194,-0.08478,-0.55983,1.07299,-0.41545,0.06567,0.05366,-0.08321,-0.50219,0.9628,-0.36283,0.06425,0.05289
195,-0.09326,-0.58811,1.13291,-0.44746,0.07222,0.05906,-0.09042,-0.50243,0.96525,-0.36534,0.06983,0.05748
196,-0.10137,-0.62021,1.20108,-0.48393,0.07847,0.06423,-0.09683,-0.50346,0.9696,-0.36896,0.07478,0.06156
197,-0.10905,-0.65321,1.27137,-0.52161,0.0844,0.06913,-0.10248,-0.50503,0.97515,-0.37321,0.07915,0.06515
198,-0.11622,-0.68473,1.33872,-0.55784,0.08992,0.07372,-0.10742,-0.50688,0.98115,-0.37762,0.08297,0.0683
199,-0.12273,-0.7128,1.39891,-0.59034,0.09494,0.07789,-0.11166,-0.50874,0.98692,-0.38175,0.08625,0.071
200,-0.12837,-0.73566,1.44821,-0.61712,0.09928,0.08151,-0.11523,-0.51034,0.99174,-0.38518,0.08901,0.07327
201,-0.13292,-0.7517,1.48308,-0.63626,0.10277,0.08443,-0.11812,-0.51138,0.99494,-0.38751,0.09125,0.07511
202,-0.1361,-0.75925,1.49995,-0.64578,0.10521,0.08649,-0.12035,-0.51158,0.99582,-0.38832,0.09297,0.07653
203,-0.13793,-0.75926,1.50075,-0.6467,0.10662,0.08768,-0.12194,-0.51103,0.99463,-0.38777,0.0942,0.07753
204,-0.13908,-0.7588,1.50061,-0.64709,0.10748,0.08843,-0.12295,-0.51065,0.99376,-0.38734,0.09499,0.07817
205,-0.13958,-0.75838,1.50058,-0.64751,0.10786,0.08877,-0.1234,-0.51051,0.99339,-0.38714,0.09534,0.07845
206,-0.13945,-0.75801,1.50066,-0.64796,0.10775,0.0887,-0.1233,-0.5106,0.99352,-0.38717,0.09527,0.07837
207,-0.13869,-0.75768,1.50086,-0.64843,0.10715,0.08823,-0.12263,-0.51094,0.99415,-0.38743,0.09477,0.07794
208,-0.13729,-0.75741,1.50117,-0.64892,0.10606,0.08735,-0.12141,-0.5115,0.99527,-0.38791,0.09383,0.07715
209,-0.13524,-0.75719,1.50158,-0.64941,0.10446,0.08605,-0.11961,-0.51231,0.99689,-0.38861,0.09245,0.07599
210,-0.13252,-0.75702,1.50209,-0.6499,0.10235,0.08432,-0.11722,-0.51336,0.99899,-0.38953,0.09062,0.07446
211,-0.1291,-0.75691,1.50267,-0.65038,0.0997,0.08215,-0.11422,-0.51464,1.00158,-0.39067,0.08831,0.07253
212,-0.12473,-0.75434,1.49794,-0.64794,0.09632,0.07937,-0.11056,-0.51583,1.00379,-0.39149,0.08549,0.07018
213,-0.11889,-0.74281,1.47392,-0.6351,0.0918,0.07564,-0.10615,-0.51608,1.00342,-0.39063,0.08209,0.06736
214,-0.11177,-0.72354,1.43325,-0.6133,0.08631,0.07111,-0.10099,-0.51561,1.00098,-0.38839,0.07811,0.06406
215,-0.10364,-0.69815,1.37945,-0.58446,0.08002,0.06593,-0.09504,-0.5147,0.99714,-0.38518,0.07352,0.06026
216,-0.09468,-0.66828,1.31608,-0.55052,0.07309,0.06023,-0.08827,-0.51362,0.99258,-0.3814,0.06831,0.05595
217,-0.0924,-0.63553,1.24647,-0.51355,0.07132,0.05879,-0.08758,-0.51027,0.98301,-0.37515,0.06778,0.0555
218,-0.08313,-0.60247,1.17624,-0.47598,0.06416,0.0529,-0.08008,-0.50942,0.97856,-0.37124,0.06199,0.05072
219,-0.0734,-0.57139,1.1102,-0.44065,0.05664,0.04671,-0.07172,-0.50918,0.97546,-0.36806,0.05553,0.04539
220,-0.06322,-0.54539,1.05491,-0.41102,0.04877,0.04024,-0.06248,-0.50975,0.97435,-0.36608,0.0484,0.03952
221,-0.05263,-0.52809,1.01803,-0.39114,0.04058,0.03352,-0.05239,-0.51127,0.97586,-0.36578,0.04061,0.03311
222,-0.04158,-0.52296,1.00693,-0.38491,0.03204,0.0265,-0.04151,-0.51387,0.98051,-0.36758,0.03219,0.0262
223,-0.02988,-0.52227,1.00521,-0.38368,0.02299,0.01908,-0.02985,-0.51675,0.98609,-0.37008,0.02318,0.01881
224,-0.01756,-0.52121,1.00272,-0.38211,0.01346,0.01127,-0.01757,-0.51944,0.99126,-0.37242,0.01368,0.01102
225,-0.00477,-0.51975,0.99938,-0.38016,0.00358,0.00316,-0.00481,-0.52186,0.99585,-0.37451,0.00381,0.00293
226,0.00829,-0.51788,0.99516,-0.37783,-0.00653,-0.00512,0.00827,-0.52396,0.99974,-0.37632,-0.0063,-0.00536
227,0.02142,-0.5156,0.99009,-0.37513,-0.01669,-0.01344,0.02142,-0.52568,1.00284,-0.37779,-0.01648,-0.01369
228,0.03438,-0.51296,0.98427,-0.37212,-0.02671,-0.02165,0.03442,-0.52701,1.00511,-0.37892,-0.02654,-0.02194
229,0.04693,-0.51003,0.97783,-0.36887,-0.03642,-0.02961,0.04704,-0.52793,1.00656,-0.37969,-0.03629,-0.02994
230,0.05881,-0.5069,0.97099,-0.36547,-0.0456,-0.03715,0.05899,-0.52849,1.00725,-0.38013,-0.04554,-0.03752
231,0.06974,-0.50375,0.96412,-0.3621,-0.05406,-0.04409,0.07002,-0.52902,1.00792,-0.38061,-0.05407,-0.04453
232,0.0796,-0.50147,0.95984,-0.36046,-0.06168,-0.05036,0.08027,-0.53885,1.02841,-0.39165,-0.06199,-0.05104
233,0.08846,-0.50037,0.95889,-0.36098,-0.06852,-0.05599,0.09001,-0.55975,1.07251,-0.41526,-0.06952,-0.05723
234,0.09639,-0.50026,0.9606,-0.36314,-0.07465,-0.06105,0.09931,-0.58792,1.13219,-0.4472,-0.07671,-0.06315
235,0.10347,-0.50096,0.96424,-0.36645,-0.08011,-0.06556,0.10821,-0.61992,1.20014,-0.48362,-0.08359,-0.06881
236,0.10973,-0.50221,0.96912,-0.3704,-0.08494,-0.06955,0.11666,-0.65282,1.27022,-0.52126,-0.09012,-0.0742
237,0.11521,-0.50378,0.97452,-0.37454,-0.08917,-0.07306,0.12456,-0.68425,1.33737,-0.55745,-0.09622,-0.07924
238,0.11996,-0.50537,0.97972,-0.37842,-0.09282,-0.07609,0.13177,-0.71223,1.39738,-0.58993,-0.10179,-0.08383
239,0.12397,-0.50672,0.98403,-0.38163,-0.09592,-0.07867,0.13806,-0.73501,1.4465,-0.61669,-0.10665,-0.08785
240,0.12728,-0.50753,0.98676,-0.38375,-0.09846,-0.08079,0.14318,-0.75097,1.48121,-0.6358,-0.11061,-0.09111
241,0.12988,-0.50752,0.98721,-0.38436,-0.10046,-0.08246,0.14685,-0.75845,1.49793,-0.6453,-0.11345,-0.09345
242,0.13179,-0.50678,0.98562,-0.38364,-0.10193,-0.08369,0.14908,-0.7584,1.4986,-0.64619,-0.11518,-0.09487
243,0.1331,-0.50624,0.98441,-0.38306,-0.10294,-0.08454,0.15058,-0.75789,1.49834,-0.64655,-0.11635,-0.09582
244,0.13383,-0.50595,0.98375,-0.38274,-0.10349,-0.08501,0.15141,-0.75743,1.49822,-0.64696,-0.117,-0.09634
245,0.13397,-0.50593,0.98365,-0.38267,-0.10359,-0.08511,0.15159,-0.75702,1.49824,-0.6474,-0.11715,-0.09643
246,0.13354,-0.50617,0.9841,-0.38285,-0.10325,-0.08484,0.1511,-0.75668,1.49841,-0.64787,-0.11679,-0.0961
247,0.12949,-0.50802,0.98796,-0.38459,-0.10012,-0.08226,0.14651,-0.75671,1.49944,-0.64854,-0.11326,-0.09314
248,0.12815,-0.50866,0.98924,-0.38514,-0.09908,-0.08141,0.14499,-0.75647,1.49981,-0.64903,-0.1121,-0.09215
249,0.12634,-0.5095,0.99093,-0.38588,-0.09768,-0.08027,0.14294,-0.75629,1.50026,-0.64953,-0.11054,-0.09082
250,0.12405,-0.51054,0.99303,-0.3868,-0.0959,-0.07881,0.14034,-0.75616,1.50081,-0.65002,-0.10855,-0.08914
251,0.12118,-0.51148,0.99474,-0.38739,-0.09368,-0.07698,0.13687,-0.75358,1.49605,-0.6476,-0.10588,-0.0869
252,0.11758,-0.5115,0.99389,-0.38631,-0.09089,-0.0747,0.13186,-0.74206,1.47203,-0.63478,-0.10203,-0.08369
253,0.11321,-0.51083,0.99103,-0.38387,-0.08751,-0.07192,0.1255,-0.72282,1.43142,-0.61301,-0.09713,-0.0796
254,0.10804,-0.50975,0.98686,-0.3805,-0.08351,-0.06862,0.11802,-0.69748,1.37774,-0.58421,-0.09137,-0.07482
255,0.10204,-0.50854,0.98205,-0.37659,-0.07887,-0.06481,0.10967,-0.66771,1.31455,-0.55033,-0.08493,-0.06948
256,0.09519,-0.50748,0.97729,-0.37256,-0.07358,-0.06046,0.10062,-0.63529,1.24572,-0.51344,-0.07795,-0.0637
257,0.08744,-0.50683,0.97327,-0.36884,-0.06758,-0.05553,0.09097,-0.60233,1.17571,-0.47594,-0.0705,-0.05755
258,0.07875,-0.50683,0.97068,-0.36589,-0.06086,-0.05001,0.08078,-0.57137,1.10993,-0.44069,-0.06263,-0.05107
259,0.06909,-0.50767,0.97015,-0.36418,-0.05339,-0.04388,0.0701,-0.5455,1.05494,-0.41117,-0.05437,-0.04428
260,0.05858,-0.50947,0.97226,-0.36415,-0.04525,-0.03721,0.05902,-0.52833,1.01835,-0.3914,-0.0458,-0.03725
261,0.04731,-0.51232,0.97745,-0.3662,-0.03653,-0.03007,0.04757,-0.52333,1.00754,-0.38529,-0.03694,-0.02999
262,0.03538,-0.51542,0.98351,-0.36892,-0.0273,-0.02252,0.03558,-0.52277,1.00611,-0.38418,-0.02766,-0.0224
263,0.02295,-0.5183,0.98907,-0.37143,-0.01768,-0.01465,0.02311,-0.52184,1.00391,-0.38273,-0.018,-0.0145
264,0.01019,-0.52088,0.994,-0.37367,-0.0078,-0.00657,0.01032,-0.52053,1.0009,-0.38092,-0.0081,-0.0064
265,-0.00272,-0.52311,0.99818,-0.3756,0.0022,0.00161,-0.0026,-0.51883,0.99708,-0.37877,0.0019,0.00178
266,-0.01558,-0.52495,1.00156,-0.37719,0.01215,0.00975,-0.01545,-0.51677,0.99249,-0.37629,0.01184,0.00991
267,-0.02817,-0.5264,1.00412,-0.37843,0.0219,0.01772,-0.028,-0.51439,0.98722,-0.37354,0.02156,0.01786
268,-0.04029,-0.52747,1.00587,-0.37933,0.03127,0.0254,-0.04007,-0.51176,0.98143,-0.37058,0.03089,0.02551
269,-0.0517,-0.52819,1.00691,-0.3799,0.0401,0.03263,-0.05141,-0.50897,0.97532,-0.36751,0.03967,0.0327
270,-0.06219,-0.52888,1.00794,-0.38053,0.04821,0.03929,-0.06183,-0.50616,0.96919,-0.36449,0.04772,0.03931
271,-0.07192,-0.53888,1.0288,-0.39171,0.05573,0.04547,-0.0712,-0.50422,0.96564,-0.36318,0.05498,0.04526
272,-0.08112,-0.55994,1.07324,-0.41544,0.06284,0.05132,-0.07962,-0.50343,0.96537,-0.36401,0.06148,0.05061
273,-0.08988,-0.58825,1.13322,-0.44748,0.06961,0.05691,-0.08715,-0.50362,0.9677,-0.36646,0.0673,0.0554
274,-0.09824,-0.62037,1.20144,-0.48397,0.07606,0.06223,-0.09385,-0.50458,0.97192,-0.37002,0.07248,0.05966
275,-0.10615,-0.65338,1.27174,-0.52166,0.08216,0.06728,-0.09977,-0.50608,0.97732,-0.3742,0.07706,0.06343
276,-0.11353,-0.68491,1.3391,-0.55789,0.08785,0.072,-0.10494,-0.50786,0.98319,-0.37854,0.08106,0.06672
277,-0.11952,-0.71301,1.39939,-0.59042,0.09246,0.07584,-0.10876,-0.50991,0.98935,-0.38286,0.08401,0.06915
278,-0.12521,-0.73589,1.4487,-0.6172,0.09684,0.07949,-0.1124,-0.51148,0.99414,-0.38628,0.08683,0.07147
279,-0.12984,-0.75192,1.48358,-0.63633,0.1004,0.08247,-0.11541,-0.51249,0.99728,-0.38857,0.08915,0.07338
280,-0.13318,-0.75947,1.50044,-0.64586,0.10296,0.08462,-0.11778,-0.51265,0.99806,-0.38934,0.09099,0.07489
281,-0.1352,-0.75947,1.50123,-0.64678,0.10451,0.08593,-0.11953,-0.51204,0.99675,-0.38873,0.09235,0.076
282,-0.13653,-0.759,1.50106,-0.64717,0.10552,0.0868,-0.12071,-0.5116,0.99575,-0.38824,0.09326,0.07674
283,-0.13721,-0.75857,1.501,-0.64758,0.10603,0.08724,-0.12131,-0.5114,0.99525,-0.38799,0.09373,0.07711
284,-0.13723,-0.75819,1.50106,-0.64803,0.10603,0.08727,-0.12134,-0.51143,0.99526,-0.38797,0.09376,0.07712
285,-0.1366,-0.75785,1.50123,-0.64849,0.10553,0.08689,-0.12079,-0.51171,0.99578,-0.38817,0.09335,0.07677
286,-0.13532,-0.75756,1.50151,-0.64898,0.10453,0.08608,-0.11967,-0.51223,0.9968,-0.38861,0.09249,0.07604
287,-0.13336,-0.75733,1.50189,-0.64946,0.10301,0.08485,-0.11796,-0.513,0.99833,-0.38927,0.09117,0.07494
288,-0.13072,-0.75715,1.50237,-0.64995,0.10096,0.08317,-0.11564,-0.514,1.00035,-0.39015,0.08939,0.07345
289,-0.12737,-0.75702,1.50293,-0.65042,0.09837,0.08104,-0.1127,-0.51525,1.00286,-0.39125,0.08713,0.07156
290,-0.12306,-0.75444,1.49817,-0.64797,0.09503,0.0783,-0.10908,-0.5164,1.00501,-0.39205,0.08435,0.06924
291,-0.11726,-0.7429,1.47412,-0.63512,0.09055,0.07461,-0.10471,-0.51663,1.00458,-0.39116,0.08098,0.06644
292,-0.1102,-0.72361,1.43343,-0.61332,0.08509,0.07011,-0.09957,-0.51613,1.00208,-0.38891,0.07702,0.06316
293,-0.10209,-0.6982,1.3796,-0.58448,0.07882,0.06495,-0.09363,-0.5152,0.9982,-0.38568,0.07244,0.05937
294,-0.09316,-0.66832,1.31619,-0.55052,0.07192,0.05927,-0.08686,-0.5141,0.9936,-0.38187,0.06722,0.05505
295,-0.08355,-0.63575,1.24704,-0.51352,0.06448,0.05315,-0.07923,-0.5131,0.98895,-0.37791,0.06133,0.05019
296,-0.07333,-0.60258,1.17659,-0.47585,0.05659,0.04666,-0.07068,-0.51245,0.98491,-0.37421,0.05472,0.04474
297,-0.06254,-0.57132,1.1102,-0.44036,0.04824,0.03981,-0.06115,-0.51239,0.98216,-0.37121,0.04736,0.03868
298,-0.0512,-0.54507,1.05439,-0.41049,0.03947,0.03261,-0.05064,-0.51308,0.98131,-0.36938,0.03924,0.032
299,-0.03944,-0.52742,1.0168,-0.39028,0.03038,0.02515,-0.03931,-0.51463,0.98287,-0.36913,0.03048,0.02481
300,-0.02734,-0.52188,1.00482,-0.38365,0.02102,0.01748,-0.02732,-0.51713,0.98729,-0.37087,0.02122,0.01721
301,-0.01482,-0.52072,1.00213,-0.38199,0.01134,0.00954,-0.01484,-0.51978,0.99238,-0.37317,0.01156,0.00929
302,-0.00201,-0.51918,0.99862,-0.37997,0.00143,0.00142,-0.00204,-0.52213,0.99681,-0.37521,0.00166,0.00118
303,0.01092,-0.51724,0.99428,-0.37759,-0.00857,-0.00678,0.0109,-0.52413,1.0005,-0.37692,-0.00835,-0.00702
304,0.02378,-0.51495,0.98916,-0.37488,-0.01852,-0.01493,0.02378,-0.52575,1.00338,-0.37829,-0.01831,-0.01519
305,0.03638,-0.51233,0.98336,-0.37188,-0.02826,-0.02292,0.03643,-0.52698,1.00546,-0.37932,-0.02809,-0.02321
306,0.04855,-0.50944,0.977,-0.36867,-0.03767,-0.03063,0.04866,-0.52785,1.00676,-0.38001,-0.03755,-0.03096
307,0.06047,-0.50627,0.97003,-0.36519,-0.04689,-0.0382,0.06067,-0.52837,1.00735,-0.3804,-0.04684,-0.03859
308,0.07135,-0.50307,0.96303,-0.36174,-0.0553,-0.04511,0.07163,-0.52858,1.00731,-0.38051,-0.05531,-0.04555
309,0.08127,-0.49992,0.95616,-0.35839,-0.06296,-0.05142,0.08165,-0.52884,1.00741,-0.38072,-0.06306,-0.05192
310,0.09017,-0.49772,0.95202,-0.35683,-0.06985,-0.05708,0.091,-0.53847,1.02748,-0.39156,-0.07028,-0.05786
311,0.09815,-0.49673,0.95131,-0.35747,-0.07601,-0.06216,0.09993,-0.55924,1.07132,-0.41505,-0.07718,-0.06355
312,0.10528,-0.49678,0.95332,-0.35979,-0.08151,-0.06671,0.10853,-0.58734,1.13085,-0.44692,-0.08383,-0.06902
313,0.11162,-0.49764,0.95732,-0.36327,-0.0864,-0.07076,0.11679,-0.61929,1.19874,-0.48331,-0.09021,-0.07429
314,0.11722,-0.49908,0.96258,-0.36741,-0.09072,-0.07434,0.12468,-0.65218,1.2688,-0.52095,-0.0963,-0.07932
315,0.1221,-0.50083,0.96836,-0.37173,-0.09449,-0.07746,0.13206,-0.68362,1.33597,-0.55715,-0.10201,-0.08403
316,0.1263,-0.50261,0.97394,-0.37579,-0.09772,-0.08015,0.13879,-0.71161,1.39601,-0.58965,-0.1072,-0.08833
317,0.12983,-0.50413,0.97862,-0.37917,-0.10043,-0.08241,0.14462,-0.73441,1.44518,-0.61643,-0.11171,-0.09205
318,0.13268,-0.50511,0.9817,-0.38145,-0.10263,-0.08425,0.14929,-0.75039,1.47994,-0.63556,-0.11532,-0.09504
319,0.13487,-0.50526,0.98247,-0.38222,-0.10431,-0.08566,0.15253,-0.7579,1.49672,-0.64507,-0.11783,-0.0971
320,0.13642,-0.50467,0.98119,-0.38163,-0.1055,-0.08666,0.15435,-0.75787,1.49744,-0.64596,-0.11924,-0.09825
321,0.1374,-0.50426,0.98026,-0.38118,-0.10625,-0.08729,0.15547,-0.75739,1.49725,-0.64633,-0.12012,-0.09896
322,0.13784,-0.5041,0.97987,-0.38098,-0.10658,-0.08758,0.15598,-0.75696,1.49719,-0.64675,-0.12052,-0.09927
323,0.13772,-0.5042,0.98002,-0.38102,-0.10648,-0.08751,0.15586,-0.75659,1.49728,-0.6472,-0.12044,-0.09917
324,0.13706,-0.50455,0.9807,-0.38131,-0.10597,-0.0871,0.15511,-0.75628,1.49752,-0.64769,-0.11988,-0.09868
325,0.13585,-0.50516,0.98192,-0.38183,-0.10502,-0.08633,0.15374,-0.75603,1.49789,-0.6482,-0.11884,-0.09778
326,0.13407,-0.50602,0.98366,-0.38259,-0.10364,-0.0852,0.15173,-0.75586,1.4984,-0.64874,-0.1173,-0.09647
327,0.13171,-0.50714,0.98594,-0.3836,-0.10182,-0.0837,0.14905,-0.75575,1.49903,-0.64928,-0.11525,-0.09474
328,0.12875,-0.50851,0.98874,-0.38483,-0.09953,-0.08182,0.14569,-0.75571,1.49977,-0.64982,-0.11267,-0.09257
329,0.12514,-0.5098,0.99119,-0.38576,-0.09673,-0.07952,0.14137,-0.75323,1.49523,-0.64744,-0.10935,-0.08979
330,0.12078,-0.51017,0.99107,-0.38501,-0.09336,-0.07674,0.13547,-0.74179,1.47141,-0.63466,-0.10482,-0.086
331,0.11568,-0.50982,0.98891,-0.3829,-0.08942,-0.07349,0.12825,-0.72263,1.43098,-0.61292,-0.09925,-0.08136
332,0.10979,-0.50905,0.98539,-0.37982,-0.08486,-0.06974,0.11995,-0.69737,1.37746,-0.58416,-0.09286,-0.07605
333,0.1031,-0.50814,0.98119,-0.37619,-0.07969,-0.06549,0.11082,-0.66765,1.3144,-0.5503,-0.08582,-0.07021
334,0.09557,-0.50734,0.977,-0.37242,-0.07387,-0.0607,0.10102,-0.63527,1.24567,-0.51343,-0.07826,-0.06396
335,0.08714,-0.50694,0.97349,-0.36894,-0.06735,-0.05534,0.09066,-0.60234,1.17574,-0.47594,-0.07026,-0.05735
336,0.07777,-0.50716,0.97136,-0.36621,-0.0601,-0.04939,0.07978,-0.57138,1.10999,-0.44069,-0.06185,-0.05043
337,0.09434,-0.49878,0.95185,-0.35577,-0.0729,-0.05994,0.09582,-0.54465,1.05303,-0.41116,-0.07424,-0.06064
338,0.08668,-0.5002,0.95318,-0.35535,-0.06697,-0.05507,0.08742,-0.52794,1.01738,-0.39185,-0.06775,-0.0553
339,0.07818,-0.5029,0.9581,-0.35722,-0.0604,-0.04968,0.07868,-0.52359,1.00791,-0.38637,-0.061,-0.04975
340,0.06874,-0.50614,0.96447,-0.36001,-0.0531,-0.04368,0.06915,-0.52385,1.0082,-0.38604,-0.05363,-0.0437
341,0.05826,-0.50947,0.97098,-0.36287,-0.04499,-0.03703,0.05859,-0.5239,1.00802,-0.38548,-0.04545,-0.03699
342,0.04665,-0.51282,0.97753,-0.36577,-0.03601,-0.02968,0.04691,-0.52366,1.00723,-0.38463,-0.03642,-0.02959
343,0.03396,-0.5161,0.98392,-0.36862,-0.02618,-0.02163,0.03415,-0.52303,1.00564,-0.38342,-0.02654,-0.0215
344,0.02042,-0.51917,0.98985,-0.37131,-0.01571,-0.01306,0.02057,-0.52196,1.00312,-0.38179,-0.01603,-0.0129
345,0.00633,-0.5219,0.99508,-0.37371,-0.0048,-0.00413,0.00645,-0.52039,0.99959,-0.37973,-0.0051,-0.00396
346,-0.00796,-0.5242,0.9994,-0.37575,0.00626,0.00491,-0.00783,-0.51835,0.99506,-0.37725,0.00595,0.00508
347,-0.02191,-0.526,1.0027,-0.37735,0.01706,0.01375,-0.02176,-0.5159,0.9897,-0.37443,0.01673,0.01391
348,-0.03499,-0.52759,1.00558,-0.37882,0.02718,0.02204,-0.03479,-0.51323,0.9839,-0.37148,0.02682,0.02216
349,-0.04702,-0.53828,1.02787,-0.39066,0.03648,0.02967,-0.04658,-0.51127,0.98033,-0.37011,0.03593,0.02964
350,-0.05821,-0.55984,1.07335,-0.41487,0.04513,0.03677,-0.05718,-0.51034,0.97979,-0.37077,0.04413,0.03636
351,-0.06872,-0.58851,1.13406,-0.44724,0.05326,0.04345,-0.06669,-0.51029,0.98165,-0.37296,0.05149,0.04239
352,-0.07863,-0.62086,1.20274,-0.48392,0.06091,0.04976,-0.07518,-0.51096,0.98527,-0.37621,0.05806,0.04779
353,-0.08795,-0.65402,1.27333,-0.52173,0.06811,0.0557,-0.08273,-0.51213,0.98998,-0.38005,0.06389,0.05258
354,-0.09663,-0.68564,1.34084,-0.55802,0.0748,0.06123,-0.08939,-0.51355,0.99511,-0.38403,0.06904,0.05681
355,-0.10455,-0.71375,1.4011,-0.59056,0.08091,0.06629,-0.0952,-0.51498,0.99997,-0.38773,0.07353,0.0605
356,-0.11154,-0.73663,1.4504,-0.61735,0.08629,0.07076,-0.10018,-0.51615,1.00391,-0.39074,0.07739,0.06367
357,-0.11738,-0.75266,1.48523,-0.63649,0.09078,0.0745,-0.10438,-0.51678,1.00625,-0.39266,0.08063,0.06634
358,-0.12182,-0.76018,1.50202,-0.64602,0.0942,0.07736,-0.10779,-0.51659,1.00631,-0.39309,0.08327,0.06851
359,-0.12488,-0.76015,1.50273,-0.64694,0.09655,0.07932,-0.11045,-0.51567,1.00434,-0.39218,0.08533,0.0702
360,-0.12712,-0.75964,1.50247,-0.64733,0.09827,0.08077,-0.11243,-0.51493,1.00272,-0.39141,0.08687,0.07145
361,-0.12863,-0.75917,1.50231,-0.64773,0.09941,0.08175,-0.11376,-0.51445,1.00164,-0.39088,0.08791,0.0723
362,-0.1294,-0.75873,1.50225,-0.64816,0.1,0.08226,-0.11445,-0.51422,1.00109,-0.39061,0.08845,0.07273
363,-0.12945,-0.75834,1.5023,-0.64861,0.10002,0.08231,-0.11451,-0.51425,1.00108,-0.39057,0.08849,0.07275
364,-0.12878,-0.758,1.50246,-0.64907,0.0995,0.0819,-0.11393,-0.51454,1.00161,-0.39078,0.08805,0.07237
365,-0.12739,-0.75771,1.50273,-0.64953,0.0984,0.08102,-0.1127,-0.51508,1.00267,-0.39123,0.08712,0.07158
366,-0.12525,-0.75748,1.50309,-0.64999,0.09674,0.07967,-0.11083,-0.51588,1.00426,-0.39192,0.08568,0.07038
367,-0.12324,-0.75724,1.50342,-0.65044,0.09518,0.0784,-0.10907,-0.51662,1.00574,-0.39256,0.08433,0.06924
368,-0.12063,-0.75455,1.4984,-0.64795,0.09316,0.07675,-0.10694,-0.51717,1.00662,-0.39277,0.0827,0.06788
369,-0.11675,-0.74289,1.47409,-0.63507,0.09015,0.07428,-0.10425,-0.51675,1.00481,-0.39126,0.08063,0.06615
370,-0.11177,-0.7235,1.43316,-0.61324,0.0863,0.07111,-0.10098,-0.51556,1.00085,-0.38832,0.07811,0.06406
371,-0.10585,-0.69802,1.37913,-0.58438,0.08172,0.06734,-0.09705,-0.51391,0.99547,-0.3844,0.07508,0.06155
372,-0.09911,-0.66809,1.3156,-0.55044,0.07651,0.06305,-0.09238,-0.51212,0.98941,-0.37991,0.07148,0.05856
373,-0.09166,-0.63553,1.24642,-0.51348,0.07075,0.05831,-0.08688,-0.51047,0.98339,-0.3753,0.06724,0.05505
374,-0.0836,-0.60243,1.1761,-0.4759,0.06452,0.05319,-0.08052,-0.50923,0.97812,-0.371,0.06233,0.051
375,-0.07499,-0.57135,1.11004,-0.44059,0.05786,0.04772,-0.07326,-0.50865,0.97429,-0.36748,0.05673,0.04637
376,-0.06585,-0.54539,1.05481,-0.41101,0.0508,0.04191,-0.06506,-0.50893,0.9726,-0.36523,0.05039,0.04116
377,-0.05619,-0.52817,1.0181,-0.39122,0.04333,0.03577,-0.05592,-0.51026,0.97369,-0.36472,0.04333,0.03535
378,-0.04594,-0.52317,1.00725,-0.38512,0.03541,0.02927,-0.04584,-0.51274,0.9781,-0.3664,0.03554,0.02895
379,-0.03486,-0.52264,1.00586,-0.38405,0.02685,0.02224,-0.03482,-0.51559,0.98363,-0.36886,0.02702,0.02195
380,-0.02298,-0.52176,1.00375,-0.38264,0.01766,0.0147,-0.02298,-0.51834,0.98891,-0.37122,0.01787,0.01445
381,-0.01045,-0.52049,1.0008,-0.38086,0.00797,0.00676,-0.01047,-0.52088,0.99375,-0.37342,0.00819,0.00652
382,0.00256,-0.51879,0.99695,-0.37869,-0.0021,-0.00149,0.00253,-0.52313,0.99797,-0.37536,-0.00187,-0.00173
383,0.0158,-0.51666,0.99221,-0.37614,-0.01234,-0.00987,0.01578,-0.52503,1.00146,-0.377,-0.01212,-0.01012
384,0.029,-0.51414,0.98663,-0.37323,-0.02255,-0.01824,0.02902,-0.52653,1.00411,-0.3783,-0.02236,-0.01851
385,0.0419,-0.51127,0.98035,-0.37003,-0.03253,-0.02642,0.04198,-0.52763,1.00592,-0.37923,-0.03238,-0.02673
386,0.05418,-0.50818,0.97359,-0.36666,-0.04202,-0.03421,0.05433,-0.52833,1.00691,-0.37982,-0.04193,-0.03456
387,0.06552,-0.50502,0.96673,-0.36329,-0.05079,-0.04141,0.06576,-0.52897,1.00782,-0.38042,-0.05077,-0.04182
388,0.07575,-0.50272,0.96241,-0.36162,-0.0587,-0.04791,0.07637,-0.53889,1.02849,-0.39154,-0.05897,-0.04856
389,0.08494,-0.50158,0.96138,-0.3621,-0.0658,-0.05376,0.08641,-0.55984,1.07271,-0.41521,-0.06674,-0.05494
390,0.09318,-0.50142,0.96298,-0.36422,-0.07217,-0.059,0.09598,-0.58806,1.13247,-0.44719,-0.07414,-0.06103
391,0.10053,-0.50206,0.96651,-0.36747,-0.07784,-0.06369,0.10512,-0.62007,1.20047,-0.48363,-0.0812,-0.06684
392,0.10735,-0.50332,0.97151,-0.37156,-0.0831,-0.06804,0.11421,-0.65461,1.27403,-0.52314,-0.08822,-0.07263
393,0.11329,-0.5049,0.97704,-0.37583,-0.08768,-0.07183,0.12267,-0.68741,1.34411,-0.56092,-0.09476,-0.07802
394,0.11839,-0.50648,0.98228,-0.37977,-0.09161,-0.07509,0.13032,-0.71619,1.40587,-0.59437,-0.10067,-0.0829
395,0.12267,-0.50775,0.98642,-0.3829,-0.09491,-0.07784,0.13691,-0.73897,1.45504,-0.6212,-0.10577,-0.08711
396,0.12487,-0.50892,0.98985,-0.38529,-0.0966,-0.07925,0.14069,-0.75397,1.48782,-0.63924,-0.1087,-0.08952
397,0.12744,-0.50862,0.98952,-0.38543,-0.09858,-0.0809,0.14412,-0.75906,1.49947,-0.64605,-0.11135,-0.0917
398,0.12933,-0.50783,0.98781,-0.38462,-0.10003,-0.08212,0.14628,-0.75849,1.49911,-0.6464,-0.11303,-0.09307
399,0.13061,-0.50731,0.98665,-0.38406,-0.10101,-0.08295,0.14775,-0.75796,1.49887,-0.6468,-0.11417,-0.09399
400,0.13127,-0.50706,0.98607,-0.38377,-0.10151,-0.08338,0.14851,-0.75749,1.49878,-0.64724,-0.11477,-0.09446
401,0.1313,-0.50709,0.98608,-0.38375,-0.10153,-0.08341,0.14855,-0.75708,1.49883,-0.64771,-0.11482,-0.09448
402,0.13068,-0.50742,0.9867,-0.38401,-0.10104,-0.08302,0.14785,-0.75673,1.49904,-0.64822,-0.1143,-0.09401
403,0.12939,-0.50804,0.98794,-0.38455,-0.10004,-0.0822,0.1464,-0.75647,1.49941,-0.64874,-0.11319,-0.09306
404,0.12742,-0.50896,0.9898,-0.38536,-0.09851,-0.08095,0.14416,-0.75628,1.49991,-0.64928,-0.11148,-0.09161
405,0.12474,-0.51018,0.99227,-0.38645,-0.09644,-0.07925,0.14113,-0.75616,1.50055,-0.64982,-0.10915,-0.08965
406,0.12133,-0.51155,0.99498,-0.38758,-0.09379,-0.07708,0.13716,-0.75508,1.49907,-0.64914,-0.10611,-0.0871
407,0.11707,-0.51204,0.99523,-0.38709,-0.0905,-0.07437,0.13153,-0.7451,1.47843,-0.63811,-0.10177,-0.08347
408,0.11195,-0.51169,0.99309,-0.385,-0.08654,-0.07111,0.12434,-0.72624,1.43868,-0.61678,-0.09623,-0.07886
409,0.10593,-0.51084,0.98937,-0.38181,-0.08189,-0.06728,0.11589,-0.70038,1.38392,-0.58737,-0.08973,-0.07346
410,0.09899,-0.50981,0.98485,-0.37797,-0.07652,-0.06287,0.10646,-0.66941,1.31823,-0.55213,-0.08246,-0.06743
411,0.09108,-0.50891,0.9803,-0.37395,-0.0704,-0.05784,0.09625,-0.63542,1.24606,-0.51345,-0.07457,-0.06092
412,0.08214,-0.50844,0.97652,-0.37026,-0.06349,-0.05216,0.08537,-0.60079,1.17254,-0.47407,-0.06617,-0.05399
413,0.07211,-0.50866,0.97428,-0.36742,-0.05573,-0.0458,0.07387,-0.56849,1.10394,-0.43731,-0.05728,-0.04667
414,0.06102,-0.50977,0.97428,-0.36594,-0.04714,-0.03876,0.06181,-0.54213,1.04791,-0.40724,-0.04796,-0.03902
415,0.04904,-0.51189,0.9771,-0.36633,-0.03787,-0.03117,0.04936,-0.52593,1.01339,-0.38857,-0.03833,-0.03112
416,0.03639,-0.51499,0.98294,-0.3688,-0.02808,-0.02315,0.03659,-0.52264,1.00617,-0.38439,-0.02844,-0.02303
417,0.02323,-0.51805,0.98888,-0.37149,-0.01789,-0.01482,0.02338,-0.52167,1.00389,-0.38288,-0.01822,-0.01467
418,0.00978,-0.52076,0.99406,-0.37385,-0.00748,-0.00631,0.00991,-0.52029,1.00071,-0.38097,-0.00779,-0.00614
419,-0.00374,-0.52307,0.9984,-0.37585,0.00298,0.00225,-0.00362,-0.51849,0.99667,-0.3787,0.00268,0.00242
420,-0.01712,-0.52496,1.00183,-0.37747,0.01334,0.01072,-0.01698,-0.51631,0.9918,-0.37608,0.01302,0.01088
421,-0.03014,-0.52642,1.00437,-0.3787,0.02342,0.01897,-0.02997,-0.5138,0.98625,-0.37318,0.02308,0.01911
422,-0.04261,-0.52747,1.00605,-0.37956,0.03307,0.02687,-0.04238,-0.51104,0.98015,-0.37007,0.03268,0.02697
423,-0.05432,-0.52814,1.00697,-0.38008,0.04213,0.0343,-0.05402,-0.50812,0.97373,-0.36684,0.04168,0.03435
424,-0.06508,-0.5285,1.00725,-0.38032,0.05045,0.04113,-0.0647,-0.50514,0.96721,-0.36361,0.04995,0.04114
425,-0.07493,-0.53444,1.01943,-0.3869,0.05806,0.04739,-0.0743,-0.50273,0.96233,-0.36147,0.05737,0.04723
426,-0.08424,-0.55364,1.05991,-0.40853,0.06525,0.05331,-0.08287,-0.50165,0.96129,-0.36184,0.064,0.05268
427,-0.09311,-0.58192,1.11978,-0.44052,0.0721,0.05896,-0.0905,-0.50172,0.96335,-0.36416,0.06989,0.05753
428,-0.10157,-0.61514,1.19031,-0.47823,0.07864,0.06436,-0.09725,-0.5027,0.96768,-0.36782,0.0751,0.06182
429,-0.1096,-0.64981,1.26412,-0.51779,0.08482,0.06949,-0.10317,-0.50432,0.97344,-0.37226,0.07968,0.06559
430,-0.11708,-0.68309,1.33522,-0.55602,0.09059,0.07427,-0.1083,-0.50628,0.9798,-0.37692,0.08365,0.06886
431,-0.12385,-0.71267,1.39864,-0.59027,0.0958,0.07861,-0.11268,-0.50827,0.98593,-0.38129,0.08703,0.07165
432,-0.12967,-0.73652,1.45006,-0.61821,0.10028,0.08234,-0.11632,-0.50996,0.99102,-0.3849,0.08985,0.07397
433,-0.13427,-0.75274,1.48539,-0.63761,0.10381,0.0853,-0.11923,-0.51102,0.99427,-0.38726,0.0921,0.07582
434,-0.13733,-0.75943,1.50045,-0.64619,0.10616,0.08728,-0.12141,-0.51113,0.99489,-0.38791,0.09379,0.0772
435,-0.13903,-0.75905,1.50048,-0.64671,0.10746,0.08838,-0.1229,-0.51057,0.99365,-0.38731,0.09495,0.07815
436,-0.14001,-0.75859,1.50036,-0.64713,0.1082,0.08903,-0.12377,-0.51025,0.9929,-0.38694,0.09563,0.0787
437,-0.1403,-0.75816,1.50037,-0.64758,0.10841,0.08923,-0.12404,-0.51019,0.9927,-0.38682,0.09584,0.07885
438,-0.1399,-0.75779,1.50051,-0.64806,0.10809,0.08899,-0.12369,-0.51039,0.99305,-0.38694,0.09558,0.07862
439,-0.1388,-0.75747,1.50077,-0.64856,0.10723,0.08831,-0.12273,-0.51085,0.99395,-0.38732,0.09485,0.078
440,-0.137,-0.75721,1.50116,-0.64908,0.10583,0.08717,-0.12116,-0.51157,0.99538,-0.38794,0.09364,0.07699
441,-0.13448,-0.75701,1.50165,-0.6496,0.10387,0.08557,-0.11894,-0.51256,0.99736,-0.3888,0.09194,0.07556
442,-0.1312,-0.75688,1.50224,-0.65011,0.10133,0.08349,-0.11607,-0.5138,0.99987,-0.3899,0.08973,0.07372
443,-0.1271,-0.75633,1.50191,-0.65007,0.09816,0.08088,-0.11251,-0.51524,1.00275,-0.39114,0.08699,0.07143
444,-0.12151,-0.74774,1.48426,-0.64066,0.09383,0.07731,-0.10815,-0.51588,1.00339,-0.39091,0.08363,0.06864
445,-0.11442,-0.72997,1.44685,-0.62062,0.08835,0.0728,-0.10297,-0.51562,1.00149,-0.389,0.07964,0.06533
446,-0.10612,-0.70492,1.39381,-0.59218,0.08193,0.06751,-0.09693,-0.51477,0.99782,-0.38588,0.07499,0.06147
447,-0.09687,-0.67447,1.32921,-0.55757,0.07478,0.06163,-0.09001,-0.51366,0.99316,-0.38201,0.06964,0.05705
448,-0.08685,-0.64064,1.25741,-0.51913,0.06704,0.05526,-0.08215,-0.5126,0.98829,-0.37787,0.06358,0.05204
449,-0.07619,-0.60579,1.1834,-0.47955,0.05879,0.04848,-0.07331,-0.51189,0.984,-0.37395,0.05676,0.04641
450,-0.0649,-0.57277,1.11325,-0.44203,0.05007,0.04131,-0.06341,-0.5118,0.98105,-0.37076,0.04911,0.04012
451,-0.05303,-0.54509,1.05439,-0.41052,0.04089,0.03377,-0.05244,-0.51254,0.98017,-0.36883,0.04063,0.03315
452,-0.0407,-0.5269,1.01564,-0.38967,0.03136,0.02595,-0.04057,-0.51423,0.98196,-0.36865,0.03146,0.02561
453,-0.02799,-0.5219,1.00481,-0.38363,0.02153,0.01789,-0.02797,-0.51695,0.98687,-0.37063,0.02172,0.01762
454,-0.01481,-0.52069,1.002,-0.38189,0.01133,0.00953,-0.01483,-0.51975,0.99225,-0.37307,0.01155,0.00928
455,-0.0013,-0.51905,0.99827,-0.37974,0.00089,0.00097,-0.00134,-0.52222,0.9969,-0.3752,0.00112,0.00073
456,0.01231,-0.51698,0.99363,-0.37721,-0.00965,-0.00766,0.01229,-0.52429,1.00071,-0.37698,-0.00942,-0.0079
457,0.02583,-0.51451,0.98814,-0.37431,-0.0201,-0.01623,0.02584,-0.52594,1.00364,-0.37838,-0.0199,-0.01649
458,0.03902,-0.5117,0.98191,-0.37111,-0.03031,-0.02459,0.03909,-0.52717,1.00567,-0.37939,-0.03015,-0.02489
459,0.05169,-0.5086,0.9751,-0.36768,-0.0401,-0.03263,0.05182,-0.52798,1.00685,-0.38004,-0.04,-0.03297
460,0.06362,-0.50534,0.96793,-0.36412,-0.04933,-0.0402,0.06384,-0.52843,1.00727,-0.38035,-0.04929,-0.0406
461,0.07463,-0.50201,0.96065,-0.36054,-0.05783,-0.04719,0.07494,-0.52856,1.00706,-0.38039,-0.05787,-0.04765
462,0.08454,-0.49911,0.95458,-0.35776,-0.06549,-0.0535,0.08508,-0.53254,1.01507,-0.38482,-0.06571,-0.0541
463,0.0934,-0.49756,0.95241,-0.35752,-0.07234,-0.05914,0.0947,-0.54987,1.05155,-0.40439,-0.07314,-0.06022
464,0.10129,-0.49722,0.95353,-0.35936,-0.07843,-0.06417,0.10392,-0.57695,1.10885,-0.43506,-0.08027,-0.06609
465,0.1083,-0.49787,0.95712,-0.36266,-0.08384,-0.06864,0.11278,-0.60955,1.17805,-0.47214,-0.08711,-0.07173
466,0.11446,-0.49923,0.96233,-0.36685,-0.08859,-0.07257,0.12122,-0.64409,1.25155,-0.51159,-0.09364,-0.07711
467,0.11981,-0.501,0.96831,-0.37137,-0.09272,-0.076,0.12915,-0.67763,1.32317,-0.55015,-0.09976,-0.08217
468,0.1244,-0.50287,0.97423,-0.3757,-0.09626,-0.07894,0.13638,-0.70779,1.38781,-0.58511,-0.10535,-0.08679
469,0.12824,-0.5045,0.97927,-0.37934,-0.09921,-0.0814,0.14267,-0.7325,1.44105,-0.61408,-0.1102,-0.0908
470,0.13133,-0.50557,0.98263,-0.38183,-0.10159,-0.08338,0.14771,-0.74987,1.47881,-0.63483,-0.1141,-0.09402
471,0.13369,-0.50574,0.98348,-0.38267,-0.1034,-0.0849,0.15118,-0.75799,1.49692,-0.64508,-0.11679,-0.09624
472,0.13533,-0.50511,0.98212,-0.38204,-0.10466,-0.08595,0.1531,-0.75794,1.49764,-0.64599,-0.11828,-0.09745
473,0.13633,-0.5047,0.98118,-0.38159,-0.10543,-0.08661,0.15426,-0.75743,1.49744,-0.64639,-0.11918,-0.09818
474,0.13673,-0.50456,0.98083,-0.3814,-0.10572,-0.08687,0.15472,-0.75699,1.4974,-0.64683,-0.11955,-0.09846
475,0.13651,-0.5047,0.98108,-0.38149,-0.10555,-0.08674,0.15448,-0.75661,1.49752,-0.64732,-0.11938,-0.09829
476,0.13569,-0.50513,0.98192,-0.38185,-0.1049,-0.08622,0.15355,-0.7563,1.4978,-0.64783,-0.11868,-0.09767
477,0.13424,-0.50585,0.98335,-0.38247,-0.10378,-0.0853,0.15191,-0.75606,1.49823,-0.64838,-0.11743,-0.0966
478,0.13215,-0.50684,0.98537,-0.38336,-0.10216,-0.08398,0.14955,-0.75589,1.4988,-0.64894,-0.11562,-0.09507
479,0.12941,-0.50812,0.98798,-0.3845,-0.10004,-0.08223,0.14644,-0.75581,1.4995,-0.6495,-0.11324,-0.09306
480,0.12598,-0.50967,0.99112,-0.38589,-0.09739,-0.08005,0.14253,-0.75568,1.50008,-0.64993,-0.11024,-0.09054
481,0.12177,-0.51057,0.99245,-0.38604,-0.09413,-0.07737,0.13716,-0.74865,1.4858,-0.6423,-0.10611,-0.08708
482,0.12433,-0.50731,0.98439,-0.3814,-0.0961,-0.07902,0.13867,-0.73148,1.44964,-0.62342,-0.10728,-0.08804
483,0.1201,-0.50606,0.97995,-0.37796,-0.09282,-0.07632,0.13206,-0.70739,1.39864,-0.59607,-0.1022,-0.0838
484,0.1152,-0.50448,0.97439,-0.37369,-0.08903,-0.0732,0.1246,-0.67767,1.33557,-0.56225,-0.09645,-0.07901
485,0.10961,-0.50291,0.96851,-0.36907,-0.08471,-0.06965,0.1165,-0.64433,1.26477,-0.5243,-0.09021,-0.07384
486,0.10327,-0.50168,0.96317,-0.36463,-0.07981,-0.06561,0.10792,-0.6097,1.1912,-0.48488,-0.08359,-0.06835
487,0.09609,-0.50113,0.95927,-0.36094,-0.07425,-0.06104,0.09889,-0.57659,1.12084,-0.44717,-0.07662,-0.0626
488,0.08795,-0.50153,0.95768,-0.35856,-0.06796,-0.05587,0.08943,-0.54848,1.06105,-0.41506,-0.06931,-0.05657
489,0.07881,-0.50314,0.95921,-0.35812,-0.06089,-0.05007,0.07949,-0.52947,1.02054,-0.39315,-0.06163,-0.05025
490,0.06858,-0.50612,0.9646,-0.36015,-0.05298,-0.04357,0.06899,-0.52377,1.00822,-0.38614,-0.05351,-0.04359
491,0.05721,-0.50969,0.97164,-0.36327,-0.04418,-0.03636,0.05754,-0.52379,1.00801,-0.38555,-0.04464,-0.03632
492,0.0448,-0.51321,0.97855,-0.36636,-0.03458,-0.0285,0.04505,-0.52347,1.00708,-0.38463,-0.03498,-0.0284
493,0.03151,-0.51657,0.9851,-0.3693,-0.02429,-0.02007,0.03169,-0.52274,1.00529,-0.38332,-0.02464,-0.01994
494,0.01753,-0.51964,0.99104,-0.372,-0.01347,-0.01122,0.01767,-0.52154,1.00252,-0.38157,-0.01379,-0.01106
495,0.00318,-0.52232,0.99616,-0.37436,-0.00236,-0.00214,0.0033,-0.51985,0.99872,-0.37939,-0.00267,-0.00197
496,-0.01122,-0.52454,1.0003,-0.37631,0.00878,0.00698,-0.01109,-0.51769,0.99393,-0.37679,0.00847,0.00715
497,-0.0253,-0.52626,1.0034,-0.37782,0.01968,0.0159,-0.02514,-0.51513,0.98829,-0.37384,0.01934,0.01604
498,-0.03863,-0.52749,1.00548,-0.37889,0.02999,0.02435,-0.03842,-0.51228,0.98207,-0.37067,0.02962,0.02446
499,-0.05085,-0.5309,1.01226,-0.38252,0.03945,0.0321,-0.05053,-0.50954,0.97629,-0.36789,0.03898,0.03214
